id,name,programme_id,modified_date,first_name,last_name,email_address
1,Apprenticeship 1,183,2022-11-26T20:19:56.753377,Joshua,Davis,alexander75@example.com
2,Apprenticeship 2,38,1989-11-30T07:07:51.720424,Jennifer,Jacobs,whiteheadchristina@example.net
3,Apprenticeship 3,53,1981-01-03T06:42:36.711663,Tony,Sanders,umiller@example.com
4,Apprenticeship 4,6,2008-04-07T00:12:50.367448,Rachel,Nicholson,hritter@example.com
5,Apprenticeship 5,5,1994-07-07T01:16:17.890225,Rodney,Johnson,caldwellmelissa@example.org
6,Apprenticeship 6,75,1975-03-26T17:54:03.042501,Felicia,Burke,eric15@example.net
7,Apprenticeship 7,199,1991-04-10T12:24:03.679537,Daniel,Chung,catherineaguirre@example.com
8,Apprenticeship 8,126,2022-07-30T16:11:50.458509,Gavin,Cochran,hillbrian@example.net
9,Apprenticeship 9,89,2021-12-12T22:05:29.251539,Julie,Chen,joshua22@example.org
10,Apprenticeship 10,187,1990-03-08T08:59:21.135983,Monica,Payne,wlarsen@example.com
11,Apprenticeship 11,139,2004-04-27T03:22:25.628928,Michelle,Booth,ichristensen@example.org
12,Apprenticeship 12,94,2018-04-28T13:46:44.619992,Sarah,Garcia,shawnrodriguez@example.net
13,Apprenticeship 13,103,1973-10-20T18:49:33.391813,Elizabeth,Boyd,craigkaren@example.com
14,Apprenticeship 14,43,1971-06-01T20:04:33.207027,Travis,Brown,mary73@example.org
15,Apprenticeship 15,65,1988-10-09T14:45:05.302315,Shelly,Stephens,terrellmichael@example.net
16,Apprenticeship 16,45,1982-10-25T16:51:21.504611,Julia,Diaz,tmills@example.com
17,Apprenticeship 17,28,1998-05-02T12:44:24.987726,Teresa,Allison,urichardson@example.net
18,Apprenticeship 18,135,2009-11-21T18:21:33.815531,Lawrence,Weiss,ilewis@example.org
19,Apprenticeship 19,8,2016-04-22T07:18:20.959125,Jennifer,Harper,kelligallagher@example.org
20,Apprenticeship 20,60,2018-05-11T09:57:45.219240,Richard,Manning,ashley17@example.org
21,Apprenticeship 21,187,2010-04-08T22:56:54.501821,Jay,Hernandez,shannonjoseph@example.com
22,Apprenticeship 22,52,1984-11-16T14:43:46.406335,Bill,Jensen,hamiltonemily@example.org
23,Apprenticeship 23,22,1991-10-14T17:09:47.296255,William,Everett,imayer@example.org
24,Apprenticeship 24,72,2018-01-28T15:09:34.721637,Ebony,Hall,michael93@example.org
25,Apprenticeship 25,106,1977-11-05T18:00:08.817553,Ricardo,Mccullough,jessica00@example.org
26,Apprenticeship 26,48,1996-12-11T00:07:55.971085,Jon,Rogers,connor72@example.org
27,Apprenticeship 27,9,1975-08-04T18:58:25.644590,Darrell,Cook,andreawood@example.net
28,Apprenticeship 28,44,1983-10-04T05:33:04.510470,Shelley,Robinson,colejames@example.org
29,Apprenticeship 29,77,1972-03-25T11:31:28.468707,Aaron,Osborne,coxchristopher@example.com
30,Apprenticeship 30,100,1983-10-07T13:41:30.919475,Christopher,Cross,allison80@example.org
31,Apprenticeship 31,110,1991-08-04T05:28:22.738979,Christopher,Johnson,hmiranda@example.com
32,Apprenticeship 32,141,2009-09-17T11:58:58.569142,Eric,Carson,thompsonmary@example.org
33,Apprenticeship 33,82,1979-11-30T20:55:16.031913,Thomas,Perry,harriscody@example.net
34,Apprenticeship 34,160,2011-12-23T09:54:36.713665,Michelle,Howard,austinkrista@example.net
35,Apprenticeship 35,156,1970-07-13T03:45:36.995127,Shawn,Garcia,carlstout@example.com
36,Apprenticeship 36,163,1999-08-29T09:46:32.675616,Michael,Martin,randallneal@example.com
37,Apprenticeship 37,158,2022-04-19T01:11:07.367017,Daniel,Smith,ortizgarrett@example.com
38,Apprenticeship 38,105,1970-12-03T17:36:23.873925,Blake,Smith,josephvasquez@example.com
39,Apprenticeship 39,167,1997-09-05T04:47:41.695890,Melinda,Vaughn,chapmanjulie@example.net
40,Apprenticeship 40,199,1970-12-09T23:55:01.883268,Cheryl,Thompson,ibruce@example.org
41,Apprenticeship 41,146,1985-04-18T23:05:31.308793,Jason,Evans,thomas76@example.net
42,Apprenticeship 42,170,2015-11-06T08:27:34.993446,Ronald,Hooper,msimmons@example.org
43,Apprenticeship 43,35,2009-01-16T20:31:26.355933,Travis,Smith,bryantjohn@example.net
44,Apprenticeship 44,100,2014-11-02T18:10:21.399665,Michelle,Newman,michael51@example.net
45,Apprenticeship 45,41,1996-09-18T13:02:58.912780,Marie,Larson,valeriebradley@example.org
46,Apprenticeship 46,18,2020-04-05T05:45:43.046926,Tracey,Mcmahon,sbishop@example.net
47,Apprenticeship 47,112,2012-08-28T04:13:56.265794,Crystal,Mueller,sharris@example.org
48,Apprenticeship 48,162,2017-08-31T06:58:30.960276,Craig,Vasquez,wadegina@example.org
49,Apprenticeship 49,79,2014-08-15T05:13:25.716094,Timothy,Baker,baldwinheather@example.org
50,Apprenticeship 50,76,1995-12-09T15:24:07.960420,Tara,Lewis,emily61@example.net
51,Apprenticeship 51,179,1994-02-02T08:11:54.874304,Daniel,Wilson,michael50@example.net
52,Apprenticeship 52,121,1983-06-24T03:47:52.766510,Tanya,Hernandez,owhite@example.net
53,Apprenticeship 53,113,1987-02-06T15:15:09.839443,Julie,Foster,ncabrera@example.net
54,Apprenticeship 54,126,1990-01-15T05:56:50.767217,Jeffrey,Jones,melissa08@example.com
55,Apprenticeship 55,114,1997-08-19T22:55:21.361048,Daniel,Mills,raymichael@example.org
56,Apprenticeship 56,108,1987-11-23T07:39:40.103867,Christopher,West,washingtonclinton@example.com
57,Apprenticeship 57,182,2017-11-02T00:57:37.674275,Leslie,Sanders,frederick71@example.org
58,Apprenticeship 58,41,1972-01-23T00:00:13.709496,Joshua,Russell,fernando02@example.net
59,Apprenticeship 59,192,2003-07-14T17:35:43.587878,Kaitlyn,Romero,alejandrastein@example.com
60,Apprenticeship 60,142,2018-04-27T00:04:28.426810,Kevin,Jones,hayestammy@example.net
61,Apprenticeship 61,165,2005-12-15T01:38:42.593800,Ashley,Taylor,jenkinslinda@example.com
62,Apprenticeship 62,199,1996-04-05T06:11:30.272095,Tina,Fletcher,ann05@example.com
63,Apprenticeship 63,94,2024-03-10T06:25:03.747692,Alexander,Jones,stewartkyle@example.org
64,Apprenticeship 64,190,2002-02-19T04:26:06.109751,Morgan,Thomas,brandon03@example.net
65,Apprenticeship 65,119,1997-12-03T00:05:44.727553,Derek,Rogers,micheal77@example.com
66,Apprenticeship 66,9,2011-10-27T16:23:05.298774,Alexandra,Cameron,spencerbaldwin@example.net
67,Apprenticeship 67,34,2010-11-09T03:05:38.263555,Jose,Hahn,wcalderon@example.net
68,Apprenticeship 68,130,1985-07-16T18:19:51.975817,Paul,Hanson,paynewilliam@example.net
69,Apprenticeship 69,168,2020-04-03T01:13:24.411700,Richard,Serrano,rodriguezstephanie@example.net
70,Apprenticeship 70,185,2004-04-02T01:15:23.805796,John,Collins,richard51@example.org
71,Apprenticeship 71,198,1994-10-30T09:32:40.508603,Stacy,Rivera,rhonda68@example.org
72,Apprenticeship 72,176,1991-03-02T02:53:29.838903,Gregory,Miller,fjackson@example.org
73,Apprenticeship 73,39,1998-03-27T05:25:51.634421,Jessica,Golden,hunterhelen@example.net
74,Apprenticeship 74,22,1975-06-21T23:10:01.314975,Ethan,Lewis,kevinrodriguez@example.net
75,Apprenticeship 75,125,2013-07-02T21:20:36.979576,Brandon,Brown,wrightdave@example.com
76,Apprenticeship 76,19,2017-09-02T00:57:56.343952,Jennifer,Smith,powellnicole@example.org
77,Apprenticeship 77,12,1984-04-29T08:40:05.642994,Scott,Clark,amber17@example.org
78,Apprenticeship 78,142,2012-08-17T07:27:25.217945,Mary,Russo,wpowell@example.net
79,Apprenticeship 79,85,1981-11-23T09:13:08.092686,Robin,Moore,johnsondale@example.com
80,Apprenticeship 80,50,2010-04-21T10:28:18.664585,Alexandra,Cervantes,jeremy73@example.net
81,Apprenticeship 81,151,1974-06-22T11:03:51.730964,Donna,Payne,lgray@example.net
82,Apprenticeship 82,184,2017-01-08T00:11:06.474595,Brandon,Nunez,anthony20@example.org
83,Apprenticeship 83,160,2024-05-06T22:07:54.245518,Gary,Caldwell,kathleen74@example.org
84,Apprenticeship 84,74,2017-03-23T19:14:30.213925,Trevor,Mckenzie,ralphburgess@example.org
85,Apprenticeship 85,177,2011-10-02T08:05:49.050433,Diana,Lynch,philip58@example.org
86,Apprenticeship 86,130,2022-12-22T04:25:03.114087,Gina,Martinez,proctormelissa@example.com
87,Apprenticeship 87,14,2020-04-04T08:11:55.973486,Eric,Freeman,eugene51@example.org
88,Apprenticeship 88,41,1980-01-17T04:48:26.480336,Peter,Leonard,ellismatthew@example.net
89,Apprenticeship 89,31,2012-06-26T06:24:48.900674,Bradley,Elliott,louis88@example.org
90,Apprenticeship 90,186,1981-07-12T20:40:18.696520,Robert,Padilla,hgilbert@example.com
91,Apprenticeship 91,13,1991-07-23T22:30:58.949673,Edwin,Evans,nharris@example.net
92,Apprenticeship 92,145,2018-01-05T05:34:53.371064,Michael,Davis,elizabethdeleon@example.net
93,Apprenticeship 93,120,2014-11-27T13:45:25.862229,Allison,Cox,xmitchell@example.net
94,Apprenticeship 94,10,2014-06-09T10:27:00.298289,Natasha,Gray,hsalas@example.com
95,Apprenticeship 95,20,1984-04-10T18:00:33.469889,Bryan,Maddox,lauren35@example.net
96,Apprenticeship 96,16,1984-07-28T08:03:22.073521,David,Becker,browe@example.com
97,Apprenticeship 97,87,1992-01-10T06:17:35.853769,Emily,Velasquez,jeff04@example.net
98,Apprenticeship 98,18,1991-02-02T14:02:23.379524,Hunter,Gonzales,lowepenny@example.com
99,Apprenticeship 99,180,1977-12-29T08:59:59.871828,Charles,Stanley,lydia38@example.com
100,Apprenticeship 100,79,1983-12-19T04:48:44.205481,Carlos,Carpenter,michael48@example.net
101,Apprenticeship 101,186,2004-05-12T03:03:18.417986,Sean,Rhodes,eskinner@example.org
102,Apprenticeship 102,72,2004-05-18T12:44:32.096546,Nicholas,Chavez,andrea16@example.net
103,Apprenticeship 103,87,1999-08-25T06:58:05.435787,Jennifer,Young,brownjustin@example.net
104,Apprenticeship 104,122,2018-12-21T04:33:44.812795,Julie,Jones,ojackson@example.org
105,Apprenticeship 105,156,1995-05-21T23:11:09.350554,Jermaine,Hodges,keithcurtis@example.com
106,Apprenticeship 106,115,2021-12-11T00:46:30.360822,Bobby,Moore,christine40@example.com
107,Apprenticeship 107,85,2011-11-11T19:34:34.698838,Tiffany,Williams,acevedokelly@example.net
108,Apprenticeship 108,166,1973-03-06T07:00:50.572054,David,Valencia,faith92@example.org
109,Apprenticeship 109,75,1974-11-30T02:40:41.813062,Samantha,Riggs,hannah38@example.org
110,Apprenticeship 110,153,2010-08-09T14:17:18.719238,Cheryl,Powell,jessebrown@example.com
111,Apprenticeship 111,144,2022-07-15T04:01:45.229257,Karen,White,mitchellnicholas@example.org
112,Apprenticeship 112,36,1980-07-28T05:52:56.086050,Veronica,Miller,jennifer82@example.com
113,Apprenticeship 113,119,1990-02-09T16:38:11.649631,Ryan,Tate,jacobnoble@example.net
114,Apprenticeship 114,83,2001-07-28T05:09:38.763334,Jared,Estrada,larry37@example.net
115,Apprenticeship 115,183,1973-08-23T10:41:54.518079,Diane,Wilson,williamswhitney@example.org
116,Apprenticeship 116,16,2014-07-14T16:44:06.530076,Monica,Davidson,danielle18@example.net
117,Apprenticeship 117,89,1975-01-06T16:48:40.552465,Joseph,Wong,lisaberry@example.net
118,Apprenticeship 118,172,2004-01-02T14:43:30.684977,Debra,Wang,ricky99@example.net
119,Apprenticeship 119,78,1999-08-27T01:24:01.384340,Lauren,Myers,daniellehansen@example.org
120,Apprenticeship 120,106,2020-10-04T01:12:42.126745,Jessica,Wilson,aenglish@example.net
121,Apprenticeship 121,190,2015-04-22T05:01:05.844541,Brandon,Nielsen,leejennifer@example.com
122,Apprenticeship 122,59,1982-12-03T00:54:35.169368,Alejandro,Thomas,rbrown@example.com
123,Apprenticeship 123,16,2022-08-25T07:05:28.716435,John,Perry,geoffrey93@example.com
124,Apprenticeship 124,175,2004-02-24T14:27:32.028443,Paul,Howell,arellanoandrew@example.net
125,Apprenticeship 125,85,1999-07-07T03:06:56.950467,Stephen,Randall,taylormays@example.com
126,Apprenticeship 126,126,1996-07-24T00:01:50.402310,Roy,Cline,michael95@example.org
127,Apprenticeship 127,28,2016-06-24T19:50:44.748680,Alexander,Martinez,jonathan45@example.com
128,Apprenticeship 128,123,1998-09-16T08:54:29.354195,James,Ellison,douglaselizabeth@example.org
129,Apprenticeship 129,73,2013-08-16T17:34:33.191895,James,Downs,perezkimberly@example.net
130,Apprenticeship 130,144,1978-07-03T18:42:53.242274,Brian,Robinson,rcohen@example.org
131,Apprenticeship 131,132,2007-04-03T21:54:02.424736,Elizabeth,Anderson,tanyarodriguez@example.org
132,Apprenticeship 132,168,1972-02-09T15:03:58.593648,Matthew,Zavala,stephen05@example.org
133,Apprenticeship 133,59,1979-04-02T18:51:26.290890,Vanessa,Gonzales,kayleecollins@example.net
134,Apprenticeship 134,85,1994-01-01T08:38:45.727297,Alexander,Golden,joelhughes@example.net
135,Apprenticeship 135,34,1973-03-29T16:39:42.346415,Nancy,Jacobs,julia90@example.net
136,Apprenticeship 136,92,2020-10-25T22:00:26.450603,Jonathan,Henderson,kedwards@example.org
137,Apprenticeship 137,128,2006-10-04T17:04:23.880200,Kellie,Drake,millerbailey@example.com
138,Apprenticeship 138,84,1979-05-29T02:16:25.044567,Margaret,Melendez,rthomas@example.net
139,Apprenticeship 139,160,2023-06-13T17:39:30.725359,Damon,Fuller,gcarroll@example.org
140,Apprenticeship 140,92,2017-06-02T12:59:27.817595,Teresa,Williams,josemcclain@example.net
141,Apprenticeship 141,119,1984-06-30T04:04:41.868641,Brandy,Velazquez,jessica72@example.net
142,Apprenticeship 142,63,1970-10-31T11:16:41.344849,Alvin,Porter,javiercastillo@example.net
143,Apprenticeship 143,178,2022-02-13T07:40:52.306584,Chelsea,Bailey,amycrawford@example.net
144,Apprenticeship 144,39,2003-12-05T18:06:42.055563,Lance,Johnson,alexgutierrez@example.com
145,Apprenticeship 145,170,2021-03-21T10:12:43.966976,Vanessa,Odom,michael94@example.net
146,Apprenticeship 146,22,1977-01-06T21:16:42.727319,Julian,Bautista,heatherward@example.com
147,Apprenticeship 147,17,1988-05-06T02:49:37.777274,Erin,Cruz,snewton@example.net
148,Apprenticeship 148,150,2000-01-20T17:02:11.221134,Claudia,Freeman,cday@example.net
149,Apprenticeship 149,134,2009-07-11T06:33:27.044616,Rebecca,Walker,debra65@example.com
150,Apprenticeship 150,165,1980-11-08T13:10:49.405199,Wendy,Thompson,pgarcia@example.org
151,Apprenticeship 151,112,1993-08-23T04:31:42.646142,Stephen,Ortiz,aholden@example.org
152,Apprenticeship 152,95,1998-07-24T11:08:01.424756,Kyle,Cruz,daniellehowe@example.com
153,Apprenticeship 153,27,2016-08-30T12:18:28.851641,William,Mays,pamela91@example.net
154,Apprenticeship 154,109,1987-07-08T14:59:42.434618,Caroline,Ward,mitchellstephen@example.org
155,Apprenticeship 155,31,2013-05-05T05:06:24.178385,Ryan,Harrell,dmoran@example.net
156,Apprenticeship 156,115,2017-02-24T22:41:42.926998,Michael,Peterson,morganlewis@example.com
157,Apprenticeship 157,122,1982-03-22T13:42:48.815800,Don,Ramos,figueroamichael@example.org
158,Apprenticeship 158,43,1993-01-22T12:06:04.610473,James,Green,jenniferbranch@example.com
159,Apprenticeship 159,132,1980-11-20T15:09:47.972647,Karen,Ramirez,reillyhenry@example.org
160,Apprenticeship 160,40,1997-04-19T17:59:21.393672,Mark,Diaz,hollandjeremy@example.net
161,Apprenticeship 161,162,2014-02-25T22:52:00.146081,Kyle,Quinn,justincook@example.org
162,Apprenticeship 162,168,2016-11-11T08:50:51.372038,Daniel,Taylor,fgaines@example.org
163,Apprenticeship 163,10,1974-08-20T11:28:57.834380,Brandon,Jones,fbrown@example.org
164,Apprenticeship 164,105,2005-08-11T00:39:42.605079,Eric,Castillo,escott@example.org
165,Apprenticeship 165,183,2002-10-21T20:24:39.101000,Michael,Gordon,josephhall@example.net
166,Apprenticeship 166,181,2018-05-19T19:06:08.325421,Jeffrey,Johnson,johnsonjessica@example.com
167,Apprenticeship 167,170,1970-02-05T10:45:27.766979,Carla,Olson,brownallison@example.net
168,Apprenticeship 168,119,1980-06-16T10:55:34.021531,John,Smith,samuelsoto@example.com
169,Apprenticeship 169,65,2019-08-17T06:08:26.161254,Danny,Knapp,jasonsosa@example.org
170,Apprenticeship 170,65,2006-07-18T16:07:28.862065,Stephen,Brown,foxbrent@example.org
171,Apprenticeship 171,174,2002-04-13T21:15:59.418555,Sonia,Wright,kimberlyhardy@example.com
172,Apprenticeship 172,143,2021-11-06T10:39:29.867424,Matthew,Davidson,christopher92@example.com
173,Apprenticeship 173,23,1972-07-11T16:13:39.422033,David,Harris,christinereed@example.org
174,Apprenticeship 174,182,2020-11-18T14:52:15.595458,David,Dawson,robert77@example.com
175,Apprenticeship 175,76,2023-04-27T05:20:49.126459,Jennifer,Winters,megan14@example.org
176,Apprenticeship 176,3,2024-01-07T22:13:33.494760,Michael,Costa,hmartinez@example.com
177,Apprenticeship 177,45,2005-03-24T15:52:07.283858,Rhonda,Bird,julie03@example.com
178,Apprenticeship 178,27,1980-05-08T03:10:15.394101,James,Valencia,jonesdiane@example.net
179,Apprenticeship 179,75,2003-03-10T09:14:52.202614,Matthew,Cunningham,richard28@example.com
180,Apprenticeship 180,107,2014-02-18T23:43:55.535796,Michael,Greer,qmitchell@example.org
181,Apprenticeship 181,31,2001-01-31T11:50:47.523817,Sean,Sandoval,umurphy@example.com
182,Apprenticeship 182,2,2009-10-03T03:03:57.421645,Tara,English,christinemartinez@example.org
183,Apprenticeship 183,183,1996-06-28T08:46:20.224886,Nicholas,Ellis,jtrevino@example.net
184,Apprenticeship 184,13,1997-07-23T10:56:48.948749,Glenn,Cuevas,brownmonica@example.net
185,Apprenticeship 185,31,2001-10-16T04:41:19.457878,Beth,Smith,piercekatherine@example.org
186,Apprenticeship 186,184,2013-07-10T10:45:25.939745,William,Baxter,christopher78@example.com
187,Apprenticeship 187,51,2023-05-12T11:34:57.748037,Brittany,Stewart,ysmith@example.net
188,Apprenticeship 188,4,2006-05-03T10:05:47.477503,Michael,Ho,dorothy32@example.com
189,Apprenticeship 189,63,2011-08-09T21:28:53.612021,Casey,Raymond,estradasuzanne@example.org
190,Apprenticeship 190,178,1985-05-24T10:04:00.055929,Maria,Kent,caleb29@example.org
191,Apprenticeship 191,132,2021-12-13T02:09:13.495475,Kristin,Howell,thomas81@example.org
192,Apprenticeship 192,178,2020-04-18T04:17:56.031232,Kathleen,Collins,thomasnicole@example.net
193,Apprenticeship 193,191,2012-01-30T05:57:27.473730,Vincent,Patel,yvonnepeterson@example.net
194,Apprenticeship 194,173,2017-03-15T00:13:43.224660,Pamela,Hicks,davismary@example.com
195,Apprenticeship 195,45,2019-12-15T00:39:08.900463,Raymond,Collins,kwalker@example.com
196,Apprenticeship 196,195,2003-08-17T19:05:20.900061,Jacqueline,Moore,fgill@example.org
197,Apprenticeship 197,166,2018-09-19T07:50:35.194211,Kimberly,Johnson,martinezmichelle@example.org
198,Apprenticeship 198,5,1998-05-23T12:46:49.943826,Diane,White,gina13@example.com
199,Apprenticeship 199,151,2011-09-27T09:50:19.025296,Jennifer,Everett,bradfordjustin@example.org
200,Apprenticeship 200,21,1974-08-18T05:39:29.076585,Laurie,Moyer,laura54@example.org
201,Apprenticeship 201,162,2011-06-29T00:04:35.529592,Alexandra,Pittman,xlittle@example.net
202,Apprenticeship 202,143,1982-06-18T09:56:54.809010,Amy,Martinez,timothy71@example.com
203,Apprenticeship 203,43,1994-06-25T04:32:56.754567,Joseph,Hammond,shawnaburgess@example.net
204,Apprenticeship 204,154,2000-05-29T08:59:46.927951,Sarah,Singleton,vmccarthy@example.net
205,Apprenticeship 205,31,1972-06-11T20:31:01.840277,Reginald,Jones,laurareed@example.net
206,Apprenticeship 206,168,2000-09-05T01:07:14.496894,William,Page,hintonjohn@example.org
207,Apprenticeship 207,76,2013-03-13T15:48:05.591649,Robert,Page,isabella12@example.org
208,Apprenticeship 208,132,2020-11-24T07:45:38.242431,Katherine,Bell,jameslutz@example.org
209,Apprenticeship 209,97,1990-06-21T19:52:56.273980,Jeremy,Bowers,christy91@example.org
210,Apprenticeship 210,37,2022-05-12T04:28:54.675470,Kimberly,Howard,joshuaroman@example.net
211,Apprenticeship 211,174,1987-10-07T21:27:06.891385,Michael,Long,timothy25@example.org
212,Apprenticeship 212,153,2005-11-22T00:07:37.609071,Evan,Wilson,kennethmosley@example.com
213,Apprenticeship 213,77,2020-07-29T03:55:31.673607,Karen,Rogers,justin27@example.com
214,Apprenticeship 214,58,2017-01-20T22:56:39.390936,Mary,Alexander,lhernandez@example.net
215,Apprenticeship 215,109,2003-05-15T01:05:12.244250,Larry,Wilson,bsolis@example.org
216,Apprenticeship 216,118,2005-05-19T21:46:39.670444,Matthew,Jackson,audreyking@example.net
217,Apprenticeship 217,96,2004-03-01T08:25:41.415898,Jacob,Higgins,wardbrian@example.org
218,Apprenticeship 218,121,2013-10-15T14:05:47.447497,Daniel,Martinez,james83@example.com
219,Apprenticeship 219,58,1984-03-03T19:52:54.036112,Elizabeth,Mason,hornejesus@example.net
220,Apprenticeship 220,176,1993-01-07T13:51:42.002925,Matthew,Fry,larsonbrooke@example.net
221,Apprenticeship 221,102,1974-09-26T11:31:53.948023,Michael,Jones,xmartinez@example.net
222,Apprenticeship 222,163,1983-02-21T19:09:16.712503,Christian,Perez,allenjason@example.org
223,Apprenticeship 223,127,2000-01-22T20:30:33.667731,Austin,Hill,veronicabarrett@example.net
224,Apprenticeship 224,71,2005-07-20T07:02:20.883198,Daryl,Williams,michaelhoward@example.com
225,Apprenticeship 225,114,1970-02-09T12:41:43.884445,Meghan,Martinez,ncarter@example.org
226,Apprenticeship 226,59,1975-03-31T00:41:15.849594,Roy,Hale,sdavidson@example.com
227,Apprenticeship 227,43,2006-01-07T22:16:39.952458,Daniel,Rivera,johnsonbrenda@example.com
228,Apprenticeship 228,154,1971-01-18T23:25:57.307090,Susan,Morton,thenderson@example.org
229,Apprenticeship 229,110,2013-09-23T13:02:49.042713,Pamela,Hogan,ashleyproctor@example.org
230,Apprenticeship 230,52,1980-01-31T22:46:52.812599,Phyllis,Sanders,jenkinsmckenzie@example.net
231,Apprenticeship 231,51,1999-01-05T11:43:04.953019,Karen,Williams,njohnson@example.com
232,Apprenticeship 232,43,2011-10-08T11:46:07.840055,Mason,Morgan,sharon71@example.com
233,Apprenticeship 233,113,2003-01-07T05:26:11.066384,Jeffrey,Pratt,shieldsphillip@example.net
234,Apprenticeship 234,75,1975-10-21T11:41:38.413116,Robert,Reyes,david45@example.com
235,Apprenticeship 235,143,1997-04-19T14:55:31.934115,Joel,West,vargaskrista@example.com
236,Apprenticeship 236,185,1992-10-21T04:32:51.385859,Heidi,Smith,wfriedman@example.net
237,Apprenticeship 237,173,2006-10-14T03:28:49.512826,Sarah,Rogers,ufarrell@example.org
238,Apprenticeship 238,137,2006-03-25T13:58:20.139880,Rebecca,Robertson,combsroger@example.org
239,Apprenticeship 239,67,1973-01-14T19:51:06.378261,Patrick,Barnes,lwilliams@example.net
240,Apprenticeship 240,55,2016-01-18T04:13:24.588740,Keith,Boone,zpace@example.com
241,Apprenticeship 241,200,1998-08-13T06:05:29.536174,Stacey,Harmon,sanderson@example.com
242,Apprenticeship 242,125,1973-09-30T12:15:22.935743,Michael,West,mrangel@example.net
243,Apprenticeship 243,105,1998-04-27T20:32:31.475979,Tina,Richardson,hgilmore@example.net
244,Apprenticeship 244,92,1991-10-27T20:05:13.182010,Justin,Green,phillipreynolds@example.org
245,Apprenticeship 245,149,2020-08-08T13:14:20.991602,Justin,Gay,andreacoffey@example.com
246,Apprenticeship 246,44,2019-11-13T11:54:52.908731,Bruce,Hutchinson,qjohnson@example.com
247,Apprenticeship 247,65,2003-01-02T21:13:02.052166,Michael,Parker,kathleencooper@example.com
248,Apprenticeship 248,138,1994-10-26T02:28:57.717375,Timothy,White,christina56@example.com
249,Apprenticeship 249,77,1989-02-15T22:48:11.239951,Jerry,Herman,lopezevan@example.net
250,Apprenticeship 250,129,1975-02-12T04:20:45.847734,Thomas,Boyer,brandy54@example.org
251,Apprenticeship 251,78,2022-05-01T00:57:39.953655,Tina,Bernard,alexanderjohnson@example.org
252,Apprenticeship 252,91,2023-07-04T04:42:57.553890,William,Peterson,dylan51@example.org
253,Apprenticeship 253,111,2007-06-15T12:01:22.373506,Sean,Garcia,dhunter@example.net
254,Apprenticeship 254,65,1982-06-23T06:58:39.856480,Robert,Faulkner,bvelasquez@example.net
255,Apprenticeship 255,187,1979-09-28T06:25:39.844595,Laura,Taylor,hpotter@example.net
256,Apprenticeship 256,99,2005-06-03T21:24:16.071800,Patrick,Reynolds,harrisonmary@example.org
257,Apprenticeship 257,45,2012-07-13T09:01:56.314410,Kathryn,Lane,ryanortiz@example.net
258,Apprenticeship 258,189,1988-07-17T01:08:13.483257,Jason,Adkins,lynnjason@example.org
259,Apprenticeship 259,155,2010-12-08T11:51:17.787395,Stephanie,Mckinney,sherry70@example.org
260,Apprenticeship 260,63,2005-10-22T07:15:55.250496,William,Brown,adam47@example.org
261,Apprenticeship 261,60,2021-02-09T00:02:55.312074,Bridget,Scott,kevin66@example.com
262,Apprenticeship 262,66,1997-12-12T05:55:22.134102,Kathy,Harvey,simmonscrystal@example.com
263,Apprenticeship 263,12,2013-09-08T13:44:10.918079,Stephanie,Little,stephanie84@example.org
264,Apprenticeship 264,158,2009-08-31T06:36:45.241035,Craig,Larson,jeromesantos@example.com
265,Apprenticeship 265,80,1973-02-04T02:27:54.286667,Amy,Martinez,vaguilar@example.net
266,Apprenticeship 266,7,1970-04-27T02:36:28.952505,Sarah,Nguyen,yangjames@example.org
267,Apprenticeship 267,117,1997-10-22T19:21:55.932306,Robert,Alvarez,rhunter@example.org
268,Apprenticeship 268,176,1990-02-18T02:49:40.296837,Tracey,Hawkins,vwilson@example.com
269,Apprenticeship 269,90,2012-12-12T07:40:00.099175,Jonathan,Kennedy,middletonmegan@example.com
270,Apprenticeship 270,12,1988-09-06T07:07:08.663429,Rhonda,Johnson,xhernandez@example.net
271,Apprenticeship 271,166,2013-10-21T15:33:36.568967,Kaitlyn,Foster,leahparker@example.org
272,Apprenticeship 272,148,2023-03-16T20:22:18.554974,Felicia,Gray,npena@example.net
273,Apprenticeship 273,187,1982-06-10T06:37:41.248732,Chelsea,Miller,christina71@example.com
274,Apprenticeship 274,95,1993-01-14T02:32:56.745452,Heather,Rogers,tlucas@example.net
275,Apprenticeship 275,53,2022-10-02T11:35:31.710930,Charles,Mason,steven68@example.com
276,Apprenticeship 276,67,1976-03-06T07:45:52.904461,Kimberly,Singh,peterstamara@example.net
277,Apprenticeship 277,189,1973-09-30T12:17:43.668274,Martha,Brown,stephennewton@example.org
278,Apprenticeship 278,36,2012-12-11T05:23:17.752812,Sabrina,Garrett,hancocktammy@example.org
279,Apprenticeship 279,50,2004-10-08T07:46:56.814546,Cindy,Greene,cynthiaglenn@example.com
280,Apprenticeship 280,181,1974-07-20T09:22:36.004189,Lori,Davis,rhoffman@example.net
281,Apprenticeship 281,57,2008-10-01T05:35:21.351362,Kevin,Schwartz,xrobertson@example.net
282,Apprenticeship 282,173,1982-09-13T12:15:20.479542,Lori,Huang,jerrygarcia@example.com
283,Apprenticeship 283,130,2014-10-18T11:49:00.891667,Jessica,Smith,clementsanthony@example.com
284,Apprenticeship 284,60,1989-06-03T11:45:50.287671,Samantha,Palmer,joshua58@example.org
285,Apprenticeship 285,146,1992-11-05T08:26:40.078308,Matthew,Johnson,torresamanda@example.org
286,Apprenticeship 286,195,2023-04-10T02:52:55.478033,Jacob,Boyd,reneevega@example.com
287,Apprenticeship 287,140,2002-08-23T00:32:38.645301,Karen,Green,tamarahendrix@example.org
288,Apprenticeship 288,142,2020-09-12T03:11:12.559760,Wanda,Nelson,jeffrey92@example.org
289,Apprenticeship 289,67,2003-02-07T17:40:49.999076,Sandra,Miller,wlee@example.org
290,Apprenticeship 290,35,1999-07-16T18:56:04.406151,Daniel,Walker,john13@example.net
291,Apprenticeship 291,138,1970-10-31T23:26:57.491762,Jeffrey,Wall,broberts@example.org
292,Apprenticeship 292,193,1998-01-23T10:38:25.653195,Gregory,Warren,vmckenzie@example.org
293,Apprenticeship 293,48,2019-04-30T08:18:54.945287,Haley,Baird,romeropaul@example.org
294,Apprenticeship 294,188,1980-01-27T08:12:14.473378,Jeremy,Chavez,jeanettewilson@example.net
295,Apprenticeship 295,83,1974-10-31T07:21:23.726925,Laura,Williamson,dondiaz@example.org
296,Apprenticeship 296,141,1995-07-19T14:37:02.542456,David,Brown,terrismith@example.net
297,Apprenticeship 297,64,2007-03-30T22:57:52.976868,Heidi,Perry,briansanford@example.net
298,Apprenticeship 298,74,2020-02-22T16:42:02.435102,Alan,Tran,lambertrobert@example.org
299,Apprenticeship 299,153,2024-01-05T03:33:32.473983,Alyssa,Clark,crystal87@example.net
300,Apprenticeship 300,69,1973-11-25T17:09:28.040480,Adrian,Mullen,andrewjones@example.org
301,Apprenticeship 301,165,2013-07-06T12:28:43.472530,David,Johnson,catherine34@example.org
302,Apprenticeship 302,194,1995-06-15T12:59:09.629477,Jon,Murphy,valdezjustin@example.net
303,Apprenticeship 303,162,1973-04-16T23:47:02.913199,Francisco,Colon,nathan21@example.net
304,Apprenticeship 304,17,2016-02-13T13:27:27.116452,Jeremy,Lambert,natalierobinson@example.org
305,Apprenticeship 305,45,1999-06-30T08:07:47.400352,Rebecca,Walls,lauren87@example.org
306,Apprenticeship 306,155,1977-12-02T23:11:28.906017,Richard,Jacobs,kwilliams@example.org
307,Apprenticeship 307,167,1993-08-03T17:37:01.404174,Robert,Williams,parkersarah@example.org
308,Apprenticeship 308,69,2023-03-17T14:08:49.684552,Jessica,Browning,pjohnson@example.org
309,Apprenticeship 309,138,1972-03-30T05:56:43.499993,Natalie,Hughes,tphillips@example.org
310,Apprenticeship 310,110,1992-10-15T10:25:08.200600,Amber,West,molly80@example.org
311,Apprenticeship 311,149,2001-05-27T02:21:59.202206,Lauren,Lewis,rchristensen@example.org
312,Apprenticeship 312,16,1993-04-06T21:23:29.208959,Nathaniel,Liu,melissa70@example.com
313,Apprenticeship 313,88,1985-07-24T06:49:23.217363,David,Price,smata@example.org
314,Apprenticeship 314,22,2001-03-19T20:13:15.537529,Anna,Griffin,ecarey@example.net
315,Apprenticeship 315,109,2000-02-08T19:18:07.712983,Anthony,Perez,wkennedy@example.org
316,Apprenticeship 316,115,2020-09-07T14:44:16.958821,Sean,Meyers,rlin@example.net
317,Apprenticeship 317,84,2006-11-17T18:18:13.416000,Maria,Manning,christina13@example.net
318,Apprenticeship 318,107,2012-03-17T04:44:11.945491,Michelle,Wiley,jose89@example.com
319,Apprenticeship 319,61,1972-09-21T09:24:46.972947,Curtis,Griffith,ygray@example.com
320,Apprenticeship 320,82,1991-08-01T08:19:22.267691,Eric,Hoover,michaelsmith@example.net
321,Apprenticeship 321,3,2024-03-01T18:45:59.873201,Tracie,Nelson,kellyhenry@example.com
322,Apprenticeship 322,117,1978-05-02T18:06:37.583031,Duane,Frederick,kyleholland@example.org
323,Apprenticeship 323,142,1982-08-02T15:59:14.712515,Kelly,Fleming,simpsondavid@example.org
324,Apprenticeship 324,87,2022-04-05T06:00:30.354697,Craig,Hall,john50@example.net
325,Apprenticeship 325,77,1981-07-09T09:45:16.017158,Andrew,Carlson,michael84@example.com
326,Apprenticeship 326,190,1979-09-30T15:23:23.501613,James,Williams,cookbryan@example.com
327,Apprenticeship 327,198,1990-11-20T00:23:49.809123,Jon,Gross,markwalker@example.org
328,Apprenticeship 328,164,1990-09-21T19:21:16.775171,Carol,Mcdonald,christopherlopez@example.com
329,Apprenticeship 329,55,2013-10-13T02:37:05.844059,Margaret,Herrera,johnsonbenjamin@example.org
330,Apprenticeship 330,73,1978-10-19T23:25:05.557347,Julie,Campos,jennifer82@example.org
331,Apprenticeship 331,148,2010-10-16T19:08:56.229602,Robert,Cruz,amandacosta@example.net
332,Apprenticeship 332,62,1993-04-23T09:44:03.348079,Kyle,Wilson,brittneyhill@example.org
333,Apprenticeship 333,106,1989-10-29T15:29:10.311944,Sara,Avila,rgraham@example.org
334,Apprenticeship 334,183,1995-05-31T18:48:55.842223,Norman,Sanders,maureensmith@example.net
335,Apprenticeship 335,165,2003-04-26T03:51:22.588743,Darlene,Moore,katieherrera@example.net
336,Apprenticeship 336,51,1994-09-15T05:34:37.560107,Jonathan,Hays,pthomas@example.net
337,Apprenticeship 337,28,2011-05-15T09:27:44.851494,Ryan,Davis,jodihoover@example.net
338,Apprenticeship 338,110,2009-03-05T15:57:48.981674,Gregory,Jones,brockjenna@example.com
339,Apprenticeship 339,2,1970-06-16T19:53:28.717307,Beverly,Robinson,garciavalerie@example.net
340,Apprenticeship 340,55,1999-04-24T23:34:20.858914,Eric,Barron,sarawallace@example.net
341,Apprenticeship 341,139,1986-03-11T09:44:10.168132,Kyle,Schroeder,monicaharris@example.com
342,Apprenticeship 342,169,2012-11-12T10:54:00.438244,Isaac,Jones,rebecca81@example.com
343,Apprenticeship 343,56,2013-08-28T11:45:33.838777,Stephen,Jones,dianajackson@example.org
344,Apprenticeship 344,11,1999-04-22T12:42:04.328896,Tracy,Keller,amandaallen@example.org
345,Apprenticeship 345,134,1970-02-27T00:19:44.653404,Sarah,Vance,roger22@example.org
346,Apprenticeship 346,1,1992-04-27T21:58:13.542871,Craig,Medina,marygarcia@example.com
347,Apprenticeship 347,153,2023-10-31T17:07:01.713320,Linda,Thomas,foxbenjamin@example.org
348,Apprenticeship 348,57,2001-07-05T20:31:39.600306,Christine,Smith,loweamy@example.org
349,Apprenticeship 349,98,2005-11-02T14:44:35.723283,Shawn,Edwards,mlopez@example.com
350,Apprenticeship 350,150,2015-01-10T11:15:48.463154,Tammy,Sims,swang@example.net
351,Apprenticeship 351,2,1978-01-27T12:51:52.069127,Kenneth,Kennedy,amanda88@example.com
352,Apprenticeship 352,90,2004-07-07T23:08:15.682032,James,Bennett,sylviaweaver@example.com
353,Apprenticeship 353,143,1980-11-29T08:42:49.022563,Rebecca,Hall,davidgordon@example.com
354,Apprenticeship 354,148,1985-04-02T03:49:50.105028,Deborah,Dixon,kramererica@example.net
355,Apprenticeship 355,110,2003-01-06T11:37:16.709890,Stephanie,Wagner,nicole20@example.com
356,Apprenticeship 356,111,2000-12-03T02:28:05.123612,Stanley,Molina,munozelizabeth@example.com
357,Apprenticeship 357,181,2007-08-31T02:15:44.920759,Travis,Ellis,april94@example.net
358,Apprenticeship 358,98,1999-10-05T01:28:32.693076,Lynn,Atkinson,huntermichael@example.com
359,Apprenticeship 359,67,1989-10-10T18:15:00.180376,Brittany,Anderson,matthew71@example.com
360,Apprenticeship 360,139,2015-11-26T22:45:46.165612,Richard,Murray,christopher00@example.net
361,Apprenticeship 361,128,1973-05-10T00:34:42.914210,Amy,Simon,marysherman@example.org
362,Apprenticeship 362,144,1983-09-13T04:26:48.348873,Melissa,Ramirez,probinson@example.net
363,Apprenticeship 363,107,2015-05-17T09:27:02.726115,Melissa,Espinoza,jack94@example.net
364,Apprenticeship 364,166,1977-04-14T19:31:12.037989,Rebecca,Moore,kirbyjohn@example.org
365,Apprenticeship 365,50,2009-09-15T16:51:49.153438,Brian,Anderson,michael55@example.org
366,Apprenticeship 366,13,1992-10-06T06:39:55.255799,Michael,Kelley,norozco@example.org
367,Apprenticeship 367,97,2002-07-27T18:01:35.257597,Pamela,Kennedy,hernandezeric@example.org
368,Apprenticeship 368,5,1998-06-26T22:49:20.513297,Amanda,Sampson,dwarren@example.net
369,Apprenticeship 369,3,2024-01-28T12:33:52.611835,Cynthia,Kelley,dawnsteele@example.com
370,Apprenticeship 370,110,1972-04-03T03:19:11.368005,Zachary,West,kelly78@example.net
371,Apprenticeship 371,193,2007-08-12T02:19:39.824602,John,Stephenson,hinesolivia@example.net
372,Apprenticeship 372,13,1992-07-30T15:38:20.230685,Ashley,Bell,bware@example.net
373,Apprenticeship 373,164,1996-08-23T05:33:26.539902,Hannah,Sanders,nwilliams@example.org
374,Apprenticeship 374,106,2016-12-18T05:18:02.952898,Amanda,Young,lewisjeff@example.com
375,Apprenticeship 375,142,1994-02-11T07:46:27.494475,Allison,Walker,shannon69@example.net
376,Apprenticeship 376,74,2013-11-25T00:35:33.824208,Mark,Williams,tonya27@example.com
377,Apprenticeship 377,121,1979-09-24T13:29:37.399646,Jennifer,Atkinson,jacqueline85@example.com
378,Apprenticeship 378,59,2012-11-19T12:32:36.183241,Brittany,Shaffer,smithleonard@example.net
379,Apprenticeship 379,106,2010-11-24T09:31:05.298799,Chad,Hernandez,melissawilson@example.org
380,Apprenticeship 380,174,1986-03-04T23:37:10.369986,James,Reyes,jennifermoyer@example.com
381,Apprenticeship 381,175,2012-06-15T15:03:36.417845,Melissa,James,urodriguez@example.com
382,Apprenticeship 382,51,1999-12-20T00:47:30.787804,Kevin,Thompson,tammyramsey@example.net
383,Apprenticeship 383,141,1982-01-17T19:12:51.221129,Dalton,Cunningham,zlewis@example.org
384,Apprenticeship 384,101,2010-12-22T10:08:44.286191,Kevin,Brown,jwall@example.com
385,Apprenticeship 385,33,1984-01-16T10:29:43.178425,Donald,Roberts,austinmeredith@example.com
386,Apprenticeship 386,124,2004-11-08T23:48:02.935350,Jennifer,Castillo,nkennedy@example.net
387,Apprenticeship 387,82,2020-08-26T19:30:49.357564,Diane,Russell,mary68@example.org
388,Apprenticeship 388,71,2021-09-23T01:28:23.469654,Douglas,Davis,thomasmason@example.com
389,Apprenticeship 389,35,1992-02-13T19:45:06.494226,Patrick,Ochoa,tdeleon@example.org
390,Apprenticeship 390,191,1994-03-26T17:22:02.356500,Jenny,Fuller,moralesmonica@example.com
391,Apprenticeship 391,27,2003-09-04T08:57:02.820892,Richard,Hunter,paulbutler@example.com
392,Apprenticeship 392,134,2005-01-20T09:56:38.878216,Alexis,Wallace,briggsryan@example.org
393,Apprenticeship 393,148,1971-01-22T01:41:40.789182,James,Santiago,whitetammy@example.com
394,Apprenticeship 394,124,1981-10-05T00:06:55.119410,Mary,Evans,richardmays@example.org
395,Apprenticeship 395,137,2017-11-14T01:22:31.282859,April,Cox,rmcbride@example.org
396,Apprenticeship 396,181,2006-11-20T15:37:56.042329,Thomas,Marsh,kevin99@example.com
397,Apprenticeship 397,124,1979-06-20T06:29:45.587823,Lindsey,Garcia,hallevan@example.net
398,Apprenticeship 398,141,2009-03-15T20:34:26.647778,Jerry,Crawford,dchavez@example.org
399,Apprenticeship 399,64,1993-06-20T19:26:26.298100,Sheila,Estrada,victor90@example.org
400,Apprenticeship 400,118,2011-09-14T19:39:37.753634,Jerry,Chandler,michaelpreston@example.net
401,Apprenticeship 401,159,2001-08-18T09:59:05.405833,Heather,Rodriguez,brooke22@example.com
402,Apprenticeship 402,78,1987-07-19T22:58:56.254924,Jennifer,Walker,annewu@example.com
403,Apprenticeship 403,45,2014-07-09T05:05:44.843446,Allison,Baker,stephanie65@example.com
404,Apprenticeship 404,83,1996-10-02T20:12:57.038308,Laura,Henson,derekbrown@example.org
405,Apprenticeship 405,188,2008-07-08T21:13:30.088083,Felicia,Cantu,harristhomas@example.com
406,Apprenticeship 406,77,1983-12-09T12:27:57.996022,Christopher,Martinez,melissa83@example.org
407,Apprenticeship 407,160,2013-01-22T05:33:43.338098,Nancy,Bryan,underwoodemily@example.net
408,Apprenticeship 408,132,2003-08-05T17:58:02.394580,Shannon,Green,lancebaxter@example.com
409,Apprenticeship 409,46,1981-05-10T02:41:25.103366,Roy,Pierce,gmendoza@example.net
410,Apprenticeship 410,4,1975-07-05T20:45:52.733853,Brian,Chang,nicholas13@example.com
411,Apprenticeship 411,172,2013-06-11T22:34:12.213754,Nicholas,Acevedo,xcoleman@example.net
412,Apprenticeship 412,38,1990-06-22T07:39:38.802195,Justin,Romero,dhall@example.net
413,Apprenticeship 413,74,1979-10-27T17:56:25.747561,Michael,Mccall,travischeryl@example.net
414,Apprenticeship 414,184,2002-11-26T20:43:04.060607,Beth,Ward,ipineda@example.com
415,Apprenticeship 415,90,1986-11-14T04:37:50.575141,Taylor,Ryan,rachelgonzalez@example.org
416,Apprenticeship 416,150,2006-06-19T13:09:21.225169,Carl,Jones,maynardchristopher@example.org
417,Apprenticeship 417,145,2006-07-30T21:21:41.362517,Rebecca,Avila,craig46@example.org
418,Apprenticeship 418,183,2013-10-04T18:29:21.960561,Michelle,Diaz,stephanie50@example.com
419,Apprenticeship 419,98,2010-09-28T08:09:14.884325,Bailey,Washington,clarkwhitney@example.com
420,Apprenticeship 420,51,1976-09-19T01:58:21.401626,Renee,Chavez,amy11@example.org
421,Apprenticeship 421,52,1991-07-04T06:33:51.189006,Megan,Thompson,lsantos@example.net
422,Apprenticeship 422,29,1978-04-06T21:44:40.094292,Frederick,Kennedy,katherinekelley@example.org
423,Apprenticeship 423,198,2012-06-03T15:13:37.477273,Melvin,Schroeder,tiffany99@example.com
424,Apprenticeship 424,78,2023-03-09T21:25:51.884892,Lisa,Long,rangelrichard@example.org
425,Apprenticeship 425,130,1971-08-17T09:01:09.106029,Kathleen,Phillips,xanderson@example.com
426,Apprenticeship 426,42,2001-03-31T16:17:42.848012,Jill,Harrison,michaelhenry@example.org
427,Apprenticeship 427,104,2024-02-16T03:31:30.261277,Judy,Brooks,william08@example.org
428,Apprenticeship 428,13,1990-09-23T20:46:43.668117,Nancy,Nelson,jeanwright@example.net
429,Apprenticeship 429,6,2022-01-26T02:22:30.192336,Michael,Newman,williamchapman@example.net
430,Apprenticeship 430,147,2003-01-09T09:08:54.709805,Michael,Roth,james06@example.net
431,Apprenticeship 431,141,1987-10-08T10:02:07.289953,Nicole,Singh,riveracolleen@example.net
432,Apprenticeship 432,48,2020-04-08T05:46:10.767060,Frank,Mosley,gnavarro@example.net
433,Apprenticeship 433,78,2018-06-04T20:17:18.528716,Anna,Dawson,richardwilliams@example.com
434,Apprenticeship 434,127,1988-09-22T07:25:24.302626,Michelle,Berger,ishaffer@example.org
435,Apprenticeship 435,122,1981-09-16T06:48:27.276079,Maxwell,Garcia,kellermonica@example.net
436,Apprenticeship 436,45,2006-03-26T00:45:03.368307,Karen,Williams,fhouse@example.net
437,Apprenticeship 437,56,2021-01-01T17:36:54.763547,Katie,Morgan,brendanwalker@example.com
438,Apprenticeship 438,129,2023-04-18T23:25:35.303067,Alfred,Parker,travisharris@example.net
439,Apprenticeship 439,50,2017-01-01T02:22:57.072336,Micheal,Alvarez,michelle71@example.net
440,Apprenticeship 440,51,1988-01-11T21:09:00.900023,Jason,Howard,jeanette70@example.com
441,Apprenticeship 441,29,1976-06-11T04:09:36.369950,Lawrence,Chung,teresa07@example.org
442,Apprenticeship 442,106,1978-08-13T15:05:08.388425,Johnny,Ware,connie75@example.net
443,Apprenticeship 443,174,1977-05-23T07:53:08.890858,Erin,Baker,terrellmark@example.org
444,Apprenticeship 444,39,2016-10-28T04:53:17.276339,Paul,Evans,devonkennedy@example.net
445,Apprenticeship 445,128,1990-03-28T02:20:26.869849,Roger,Snow,melissacook@example.net
446,Apprenticeship 446,18,2015-10-29T02:48:15.344775,Jeremy,Johns,rfletcher@example.org
447,Apprenticeship 447,174,1995-04-25T15:41:41.395666,Brian,Smith,james33@example.com
448,Apprenticeship 448,29,1977-04-29T13:43:21.522374,Steven,Perez,marissa18@example.net
449,Apprenticeship 449,73,2008-03-17T09:54:46.814297,Nicole,French,gwest@example.net
450,Apprenticeship 450,27,2008-03-19T06:33:45.175044,Nicole,Duran,daviscindy@example.org
451,Apprenticeship 451,82,1981-10-20T20:22:23.455862,Crystal,Garcia,james75@example.net
452,Apprenticeship 452,199,2000-01-30T13:25:39.462336,Christina,Smith,mjackson@example.org
453,Apprenticeship 453,40,2014-07-23T19:26:06.638447,Andrea,Andrews,thompsonkathryn@example.org
454,Apprenticeship 454,108,1991-02-10T17:13:18.229862,Angela,Simmons,carmenjohnson@example.net
455,Apprenticeship 455,162,2019-08-21T06:33:31.979703,Nicole,George,gary98@example.org
456,Apprenticeship 456,83,1979-08-30T09:46:19.179970,Crystal,Turner,jameswilson@example.org
457,Apprenticeship 457,194,2011-05-03T02:46:28.067065,Samuel,Koch,michaeldurham@example.com
458,Apprenticeship 458,146,1976-05-15T12:36:16.310210,Jessica,Gray,jamesbranch@example.net
459,Apprenticeship 459,31,1972-09-04T19:17:49.997887,Jessica,Boyd,lcummings@example.com
460,Apprenticeship 460,137,1970-01-07T15:36:34.831087,Donald,White,caroline25@example.org
461,Apprenticeship 461,11,1997-06-08T12:02:19.493783,Ann,Kane,dcooke@example.org
462,Apprenticeship 462,175,1984-03-09T15:29:46.246991,Brenda,Brown,zwhite@example.com
463,Apprenticeship 463,84,1975-11-01T22:55:18.213486,Erika,Hicks,kara08@example.org
464,Apprenticeship 464,81,1993-07-08T03:38:25.936744,Christopher,Daniel,vkaufman@example.com
465,Apprenticeship 465,178,2014-04-02T04:55:46.945494,Sierra,Horn,cpatel@example.net
466,Apprenticeship 466,175,2018-04-19T14:13:12.586624,Jessica,Williams,hollyrichardson@example.net
467,Apprenticeship 467,87,2003-05-31T02:44:04.240314,Cynthia,Alexander,whitechristy@example.com
468,Apprenticeship 468,64,1982-05-30T16:40:02.618174,Ronald,Martin,bryaneduardo@example.com
469,Apprenticeship 469,56,2006-01-08T18:37:39.340824,Allison,Deleon,iwilliams@example.org
470,Apprenticeship 470,91,1985-04-04T21:52:38.647614,Kim,Sullivan,cdavenport@example.org
471,Apprenticeship 471,40,2021-08-20T12:09:17.043044,Cheryl,Garcia,mccormickjeffery@example.net
472,Apprenticeship 472,74,1976-07-13T12:42:29.445118,Michael,Roberts,hortiz@example.net
473,Apprenticeship 473,112,2003-08-25T16:48:14.988814,Stacey,Bolton,andrea77@example.org
474,Apprenticeship 474,90,1981-12-18T01:04:46.991030,Kimberly,Steele,traci52@example.com
475,Apprenticeship 475,162,1973-05-12T00:40:34.361812,Mikayla,Fowler,esmith@example.org
476,Apprenticeship 476,163,1978-11-05T12:00:44.552774,Caitlyn,Costa,nicholasschroeder@example.com
477,Apprenticeship 477,185,2019-04-16T19:51:47.139957,Lawrence,Alvarez,michael84@example.org
478,Apprenticeship 478,142,2013-09-08T12:37:04.276491,Linda,Bennett,slozano@example.org
479,Apprenticeship 479,200,1988-10-25T07:46:15.928634,Jessica,Fox,mtaylor@example.net
480,Apprenticeship 480,122,1971-03-19T05:59:10.008816,Olivia,Simon,sjenkins@example.org
481,Apprenticeship 481,189,2012-12-30T09:14:34.383105,Andrew,Thomas,jimmyhughes@example.com
482,Apprenticeship 482,190,1979-01-09T00:56:23.454537,April,Anderson,anthony40@example.net
483,Apprenticeship 483,31,1993-09-15T04:54:00.241097,Deanna,Munoz,richardroth@example.net
484,Apprenticeship 484,68,1986-05-22T07:28:38.390509,Tyler,Johnson,william87@example.org
485,Apprenticeship 485,91,1986-05-12T03:29:40.617209,Norma,Stephens,sarabowen@example.org
486,Apprenticeship 486,16,1995-02-27T01:14:15.135003,Peter,Jimenez,robert08@example.com
487,Apprenticeship 487,166,1971-09-17T12:11:56.098932,Allison,Young,cameron71@example.net
488,Apprenticeship 488,89,1981-07-31T02:40:57.444650,Mark,Dillon,erika14@example.com
489,Apprenticeship 489,163,1986-09-19T02:17:55.164001,Robert,Meza,christopherford@example.org
490,Apprenticeship 490,106,2021-12-06T10:58:38.974615,Tyler,Combs,april86@example.com
491,Apprenticeship 491,198,2020-08-07T08:19:26.473183,Krystal,Obrien,stephaniestevens@example.org
492,Apprenticeship 492,127,1996-05-06T21:29:38.943208,Jason,Stevens,caitlin37@example.net
493,Apprenticeship 493,137,2005-12-23T09:17:57.280431,Jennifer,Jenkins,petersonsabrina@example.com
494,Apprenticeship 494,119,2017-01-18T22:01:46.662541,Jessica,Hunt,xmontes@example.net
495,Apprenticeship 495,29,1978-07-04T19:37:14.497574,Tracie,Carroll,murphyeric@example.com
496,Apprenticeship 496,14,1979-10-12T00:39:39.154689,Erik,Perry,alexcampbell@example.org
497,Apprenticeship 497,120,1972-12-18T20:43:44.932543,Michelle,Hansen,stevenboone@example.com
498,Apprenticeship 498,172,1974-12-28T19:52:13.685800,Tiffany,Stephens,michaelross@example.org
499,Apprenticeship 499,10,1987-09-08T13:04:47.629901,Gary,Williams,paulknapp@example.net
500,Apprenticeship 500,6,1980-09-14T01:25:52.256794,Kathleen,Scott,jbaker@example.org
501,Apprenticeship 501,119,1993-12-18T09:59:52.267458,Angelica,Jones,alexandermunoz@example.net
502,Apprenticeship 502,133,1997-08-17T20:50:54.352523,Janice,Davis,reidreginald@example.com
503,Apprenticeship 503,168,2016-03-19T13:33:15.941124,Preston,Moore,matthew79@example.org
504,Apprenticeship 504,133,2022-04-22T06:33:30.950188,Michelle,Fitzpatrick,kennethburton@example.net
505,Apprenticeship 505,110,1989-03-21T17:55:02.180779,Andrea,Estrada,briancooper@example.com
506,Apprenticeship 506,108,1993-06-28T01:10:43.650599,Matthew,Snyder,blairsarah@example.org
507,Apprenticeship 507,59,1971-06-03T21:58:56.602459,James,Carr,robinsonvincent@example.org
508,Apprenticeship 508,195,1985-10-17T11:39:54.791850,Michelle,Gray,sfisher@example.org
509,Apprenticeship 509,130,1998-05-18T20:32:40.084345,Nicole,Simpson,jamesmark@example.org
510,Apprenticeship 510,61,2000-02-15T18:47:55.121412,Katrina,Charles,brianmcdaniel@example.com
511,Apprenticeship 511,162,2013-04-08T02:27:37.788592,Joseph,Oconnell,frank65@example.com
512,Apprenticeship 512,136,2005-10-04T15:18:05.522389,Amanda,Morgan,cjones@example.net
513,Apprenticeship 513,65,2017-09-28T21:31:27.749238,Walter,Martinez,kevin30@example.com
514,Apprenticeship 514,45,1996-05-28T22:49:03.210672,Vickie,Soto,kiddlaura@example.org
515,Apprenticeship 515,199,1972-08-19T11:57:18.987586,Darrell,Whitney,jenniferstanton@example.com
516,Apprenticeship 516,62,1978-11-21T07:35:11.228104,Robert,Bennett,morrisedward@example.net
517,Apprenticeship 517,187,2003-06-27T12:40:01.206082,Scott,Flynn,michael82@example.net
518,Apprenticeship 518,122,2013-01-27T13:28:40.957162,Rachel,Crane,fallen@example.com
519,Apprenticeship 519,119,2017-02-21T09:56:12.535451,Alex,Cole,taylor19@example.com
520,Apprenticeship 520,110,1973-01-28T08:40:30.921414,Taylor,Woods,timothy03@example.net
521,Apprenticeship 521,182,1997-12-09T20:28:13.526925,Cody,Green,storres@example.com
522,Apprenticeship 522,59,2001-11-02T07:29:29.905211,Kelly,Smith,fday@example.com
523,Apprenticeship 523,150,2001-09-04T14:09:20.080704,Sharon,Johnson,vcarter@example.org
524,Apprenticeship 524,72,2002-02-06T00:09:06.329928,Dana,Ellis,johnowens@example.net
525,Apprenticeship 525,47,1977-09-30T12:31:44.062866,Natasha,Davis,shart@example.org
526,Apprenticeship 526,82,1976-08-10T02:32:43.252056,Stephen,Peters,yorkmichelle@example.org
527,Apprenticeship 527,160,2002-03-19T22:49:01.666672,Amanda,Jackson,riverajoel@example.org
528,Apprenticeship 528,194,2023-12-16T10:04:47.124895,Rebecca,Dennis,ashlee95@example.com
529,Apprenticeship 529,56,2022-07-27T00:00:02.742480,Joel,Lee,hgriffith@example.com
530,Apprenticeship 530,20,1980-07-14T17:00:28.492677,Gregory,Little,cherrysarah@example.org
531,Apprenticeship 531,9,2010-11-07T09:36:22.384760,Yvonne,Snyder,desireehensley@example.net
532,Apprenticeship 532,41,1974-11-04T13:10:28.483331,Jacqueline,Bell,taylorjensen@example.org
533,Apprenticeship 533,170,1980-12-04T20:09:01.760884,Jacob,Taylor,clarkcarrie@example.org
534,Apprenticeship 534,17,2020-05-03T11:27:33.187634,Nancy,Wolf,kirbybrian@example.net
535,Apprenticeship 535,142,2004-05-11T19:02:10.049354,Shawn,Anderson,simpsonpeter@example.com
536,Apprenticeship 536,184,1977-10-05T15:57:00.729243,Jacqueline,Cochran,jillperez@example.com
537,Apprenticeship 537,181,2023-10-07T19:37:20.864843,Cameron,Pearson,perkinsallen@example.net
538,Apprenticeship 538,86,2004-01-04T18:58:45.072153,Jasmine,Anderson,gwalls@example.com
539,Apprenticeship 539,132,2013-02-14T08:53:54.417784,Roy,Smith,kjames@example.net
540,Apprenticeship 540,152,2010-11-13T02:01:01.527725,David,Jacobs,bridgeswillie@example.net
541,Apprenticeship 541,183,2008-11-16T08:58:00.466989,Whitney,Branch,mporter@example.org
542,Apprenticeship 542,190,1993-03-29T03:04:24.328711,Michael,Ramirez,joantaylor@example.com
543,Apprenticeship 543,37,1981-03-26T05:40:15.031503,Samuel,Coleman,iowens@example.net
544,Apprenticeship 544,101,1971-10-28T12:14:46.444061,Jesus,Caldwell,timothy24@example.net
545,Apprenticeship 545,128,1974-11-16T12:17:40.189306,Jack,Carlson,malikbecker@example.org
546,Apprenticeship 546,55,2010-08-12T08:46:50.270473,Tim,Gonzalez,williamspamela@example.com
547,Apprenticeship 547,42,1984-01-18T16:59:56.406125,Jeffrey,Davis,brentjackson@example.org
548,Apprenticeship 548,189,1992-10-14T01:30:39.901186,Michelle,Smith,ronaldmiller@example.org
549,Apprenticeship 549,31,2006-12-12T13:22:43.120605,Heather,Price,morganjose@example.org
550,Apprenticeship 550,15,1975-10-17T17:19:32.245395,Justin,Saunders,vlopez@example.net
551,Apprenticeship 551,193,2015-01-31T20:36:09.542234,Kelli,Rodriguez,amanda08@example.com
552,Apprenticeship 552,59,1977-12-25T08:30:50.486408,Joseph,Miller,juanfowler@example.org
553,Apprenticeship 553,118,1999-12-04T14:08:34.016759,Nicholas,Glass,dunlapalexis@example.org
554,Apprenticeship 554,53,1994-03-05T07:19:26.278206,Rachel,Hernandez,rrobinson@example.net
555,Apprenticeship 555,13,2009-09-03T23:08:53.055627,Brenda,Murphy,hwalls@example.org
556,Apprenticeship 556,87,2003-03-10T11:58:20.593054,Cynthia,Contreras,monicaedwards@example.com
557,Apprenticeship 557,185,2024-05-16T00:39:33.132041,Isabel,Hansen,spham@example.net
558,Apprenticeship 558,54,2006-04-25T09:31:25.775131,Ashlee,Hodge,cookjoseph@example.com
559,Apprenticeship 559,92,1981-06-04T03:42:22.179548,John,Gonzalez,evan33@example.net
560,Apprenticeship 560,85,2011-01-20T21:26:40.126509,Melissa,Garcia,stephanie28@example.com
561,Apprenticeship 561,129,2018-03-11T11:02:21.580169,Andrew,Woods,reynoldsjoshua@example.com
562,Apprenticeship 562,173,2011-01-24T01:18:32.774848,Mary,Garcia,anna83@example.net
563,Apprenticeship 563,194,2015-01-10T08:51:43.146870,Jennifer,Mathews,kendraortiz@example.net
564,Apprenticeship 564,119,1986-02-06T06:24:50.176154,Patrick,Thompson,kelly45@example.net
565,Apprenticeship 565,103,2024-01-28T00:53:01.232336,Mark,Robinson,gmaynard@example.org
566,Apprenticeship 566,150,2005-01-12T21:04:24.183086,Nicole,Morris,annjohnson@example.org
567,Apprenticeship 567,171,1999-11-05T20:38:47.780452,Mark,Wright,paul52@example.com
568,Apprenticeship 568,22,1987-03-09T10:16:36.267110,Rebecca,Horton,mclaughlinshelby@example.com
569,Apprenticeship 569,85,2008-02-09T12:28:54.191390,Brent,Beard,andrea67@example.org
570,Apprenticeship 570,143,1995-08-18T21:44:25.741563,Raymond,Long,atkinsbarry@example.net
571,Apprenticeship 571,35,1991-04-24T07:27:10.981681,Kenneth,Mann,lunasydney@example.net
572,Apprenticeship 572,6,2019-12-03T17:03:53.502125,Sue,Roberts,gregoryjenkins@example.net
573,Apprenticeship 573,157,2011-04-23T22:58:00.486681,Ronald,Pitts,roy76@example.com
574,Apprenticeship 574,157,1986-10-04T01:11:22.788736,Margaret,Howard,michaelsullivan@example.com
575,Apprenticeship 575,69,2014-10-13T14:38:24.921715,Mathew,Klein,victorreed@example.com
576,Apprenticeship 576,149,1992-11-15T12:53:06.903807,Amanda,Hill,plyons@example.org
577,Apprenticeship 577,190,2007-11-16T12:46:50.759006,Madison,Brown,robinsondavid@example.net
578,Apprenticeship 578,25,1998-03-09T07:56:43.690291,Margaret,Brown,johnwilson@example.org
579,Apprenticeship 579,130,1976-09-03T16:19:48.941570,Timothy,Love,jennifergrant@example.net
580,Apprenticeship 580,198,1978-08-20T17:46:12.089894,Thomas,Elliott,dmcbride@example.net
581,Apprenticeship 581,49,1995-01-09T21:49:24.456110,Cynthia,White,herringpeggy@example.com
582,Apprenticeship 582,46,1989-11-28T21:04:58.619034,Julie,Larsen,graycarol@example.org
583,Apprenticeship 583,154,1993-06-15T00:08:20.499113,Samantha,Stewart,gcasey@example.net
584,Apprenticeship 584,55,2003-10-20T19:52:34.944997,Rachel,Freeman,donna58@example.net
585,Apprenticeship 585,11,1979-10-25T19:40:09.222952,Nancy,Burch,rmarshall@example.org
586,Apprenticeship 586,27,2018-12-19T16:05:17.949454,Michael,Wolf,pjones@example.net
587,Apprenticeship 587,57,1982-07-27T13:30:03.455392,Jeffrey,Buchanan,christinamyers@example.net
588,Apprenticeship 588,126,1996-03-19T06:03:29.429379,Danielle,Travis,hutchinsonwilliam@example.com
589,Apprenticeship 589,19,1999-01-19T01:39:35.048990,Richard,Kelley,amandamiles@example.org
590,Apprenticeship 590,130,2013-11-24T15:43:13.702971,Elizabeth,Huynh,ebenjamin@example.org
591,Apprenticeship 591,110,1973-06-08T18:19:34.372248,Dawn,Bates,ginaandrews@example.net
592,Apprenticeship 592,107,2011-10-21T17:19:29.984490,April,Zuniga,amy79@example.com
593,Apprenticeship 593,155,2011-04-04T06:03:01.299911,Lori,Barrera,hartmanjessica@example.org
594,Apprenticeship 594,105,2014-07-18T10:57:23.916620,Rebecca,Warner,myersjoseph@example.com
595,Apprenticeship 595,193,1985-11-29T09:07:16.536333,Miguel,Hughes,kimberly32@example.com
596,Apprenticeship 596,163,1976-09-11T17:47:47.082161,Joshua,Edwards,coxerik@example.org
597,Apprenticeship 597,152,2023-03-31T18:58:44.807802,William,Moon,rrobinson@example.net
598,Apprenticeship 598,106,1973-01-31T15:13:39.869270,Jeanette,Townsend,bjohnson@example.net
599,Apprenticeship 599,122,1972-06-14T18:16:11.218122,Robert,Cook,howelltina@example.net
600,Apprenticeship 600,93,2003-03-06T09:31:33.421628,Matthew,Freeman,masonlee@example.com
601,Apprenticeship 601,87,2008-08-01T23:19:12.973812,Sue,Mclaughlin,brooke67@example.net
602,Apprenticeship 602,164,2022-06-28T19:11:22.416548,Matthew,Sanchez,stephensjohn@example.org
603,Apprenticeship 603,108,1996-06-27T02:13:46.849136,Joshua,Ross,hannah36@example.net
604,Apprenticeship 604,16,1985-02-21T17:40:08.597836,Jason,Shaw,edwardgray@example.net
605,Apprenticeship 605,161,1991-10-14T16:43:03.411140,Samantha,Smith,whunt@example.net
606,Apprenticeship 606,189,2023-08-14T19:32:12.454481,Jacqueline,Hawkins,amber12@example.net
607,Apprenticeship 607,156,1975-04-13T15:13:59.123156,Kathy,Jones,rschwartz@example.org
608,Apprenticeship 608,195,1999-03-01T14:33:21.582466,Kevin,Evans,cruznicholas@example.net
609,Apprenticeship 609,18,2014-01-02T12:41:34.915864,John,Obrien,dunnbrittany@example.net
610,Apprenticeship 610,36,2009-02-25T02:05:44.402952,Katherine,Brown,gomezdillon@example.org
611,Apprenticeship 611,152,1994-12-10T01:45:20.117841,Sydney,Horton,amandakidd@example.org
612,Apprenticeship 612,46,1996-06-12T12:30:03.134793,Joshua,Brooks,kimberly37@example.com
613,Apprenticeship 613,143,1983-01-12T20:08:42.006498,Tammy,Austin,grayrebecca@example.net
614,Apprenticeship 614,168,1997-07-02T05:00:14.872366,Kirk,Schmidt,ayalacarlos@example.net
615,Apprenticeship 615,180,1989-09-18T02:27:04.076212,Emily,Duarte,andrew80@example.com
616,Apprenticeship 616,190,2005-03-07T21:08:06.726030,Alicia,Hunt,gibsonjonathan@example.net
617,Apprenticeship 617,145,1980-06-17T08:26:50.195028,Sara,Moore,cookruben@example.com
618,Apprenticeship 618,25,1970-05-25T20:16:01.104504,Crystal,Alexander,bennettlance@example.com
619,Apprenticeship 619,101,2015-06-25T21:25:08.198211,Karen,Mahoney,lanegarrett@example.com
620,Apprenticeship 620,49,2014-06-29T11:09:52.166037,Jason,Bailey,margaret21@example.net
621,Apprenticeship 621,22,2013-11-23T15:28:10.718276,Brenda,Riley,goodwinrachel@example.net
622,Apprenticeship 622,21,2000-05-25T00:57:00.110271,Lindsay,Foster,andrewsjason@example.com
623,Apprenticeship 623,163,1983-12-28T14:58:30.202115,Bernard,Mcdonald,eric18@example.org
624,Apprenticeship 624,22,1994-06-17T17:45:00.437935,Rachel,Smith,nkline@example.net
625,Apprenticeship 625,165,2003-04-24T01:58:57.804820,Lindsey,Long,melinda21@example.net
626,Apprenticeship 626,13,2020-10-07T08:02:19.176396,Eddie,Shaw,mackenziesullivan@example.net
627,Apprenticeship 627,96,1998-09-19T05:38:57.966609,Antonio,Rice,griffithamanda@example.com
628,Apprenticeship 628,187,1987-05-27T17:02:03.268300,Angela,Perez,usilva@example.net
629,Apprenticeship 629,26,2019-02-15T16:52:14.420363,Dustin,Mckinney,collinlee@example.org
630,Apprenticeship 630,88,2017-03-23T08:08:08.488193,William,Perkins,ryan19@example.com
631,Apprenticeship 631,53,1999-12-21T03:01:58.343584,Melody,Meadows,wadedavid@example.org
632,Apprenticeship 632,191,2000-04-11T17:30:01.077523,Diane,Lewis,dianawinters@example.org
633,Apprenticeship 633,2,1985-03-21T20:27:22.634312,Kenneth,Chang,jkelly@example.net
634,Apprenticeship 634,111,1997-05-31T04:38:06.771005,Melissa,Brown,kelly30@example.com
635,Apprenticeship 635,126,2010-12-24T14:24:02.052860,Richard,Smith,lauren31@example.net
636,Apprenticeship 636,105,1989-06-19T20:39:34.297324,Kathy,Henry,brandi76@example.org
637,Apprenticeship 637,43,1981-02-23T22:25:44.117587,Monica,Ward,amy23@example.com
638,Apprenticeship 638,21,2009-09-18T20:08:39.671692,Lynn,Boyd,johnsonmiranda@example.net
639,Apprenticeship 639,106,2023-05-04T09:04:10.078073,Kevin,Robertson,mcfarlandralph@example.net
640,Apprenticeship 640,127,2012-03-27T14:57:48.425248,Jason,Lee,hernandezbrian@example.net
641,Apprenticeship 641,40,2008-03-09T04:03:13.212257,Bryan,Wise,harryfranklin@example.net
642,Apprenticeship 642,156,1991-12-27T06:57:29.163663,Todd,Schmidt,jessejames@example.net
643,Apprenticeship 643,80,2004-11-23T18:15:47.476599,John,Fernandez,oalvarez@example.com
644,Apprenticeship 644,7,1993-05-08T18:13:04.883880,Savannah,Davenport,melaniecooper@example.com
645,Apprenticeship 645,151,1997-04-13T20:00:37.060994,Jessica,Jordan,michael82@example.com
646,Apprenticeship 646,56,2018-06-16T21:28:14.712738,Lori,Sanchez,camachobrandon@example.com
647,Apprenticeship 647,68,1997-07-15T15:45:58.385474,Nicole,Brown,doylederek@example.org
648,Apprenticeship 648,84,1994-04-10T08:37:45.103720,Margaret,Rodriguez,kenneth01@example.com
649,Apprenticeship 649,71,2014-03-01T06:31:17.002326,Monique,Burnett,pcisneros@example.net
650,Apprenticeship 650,123,1990-09-26T05:10:35.628823,Courtney,Harrison,jason83@example.net
651,Apprenticeship 651,148,2009-06-29T09:09:44.290190,Marcus,Miller,kristy19@example.net
652,Apprenticeship 652,189,2007-02-02T04:56:51.597035,Robert,Acosta,matthew49@example.net
653,Apprenticeship 653,70,2002-03-04T06:58:29.630407,Paul,Smith,mcdonaldchristopher@example.net
654,Apprenticeship 654,167,1974-06-16T15:12:22.956404,Cassandra,Diaz,elang@example.org
655,Apprenticeship 655,52,2016-04-19T18:48:32.191669,David,Brown,qday@example.com
656,Apprenticeship 656,193,1974-11-12T17:08:06.374077,Tyler,Howard,simonglenn@example.net
657,Apprenticeship 657,136,1978-10-31T05:07:23.390810,Derek,Alvarado,flee@example.com
658,Apprenticeship 658,31,1970-05-13T08:15:33.883481,Anne,Fisher,debrastewart@example.com
659,Apprenticeship 659,150,1982-09-26T02:01:32.707436,Sara,Hopkins,bentonpatrick@example.net
660,Apprenticeship 660,7,1975-07-09T03:01:22.902200,Jerry,Vasquez,christinarussell@example.net
661,Apprenticeship 661,12,1970-06-07T04:05:30.154589,Jessica,Patel,brooksjacqueline@example.com
662,Apprenticeship 662,84,2007-12-13T22:02:50.514846,Jennifer,Turner,reynoldsmark@example.net
663,Apprenticeship 663,75,1998-08-28T10:34:17.911410,Gregory,Lewis,ltaylor@example.net
664,Apprenticeship 664,44,1972-01-17T21:48:36.093038,Denise,Bowman,yosborn@example.org
665,Apprenticeship 665,199,1978-02-12T08:13:40.535716,Walter,Hall,jennifer06@example.net
666,Apprenticeship 666,109,2015-11-03T01:42:27.576177,Lynn,Bradshaw,melissavalentine@example.com
667,Apprenticeship 667,122,2011-10-14T08:25:11.076255,Debra,Reese,manderson@example.com
668,Apprenticeship 668,20,1988-10-03T08:59:44.851379,Andrea,Lucas,williamsedgar@example.org
669,Apprenticeship 669,65,2004-01-04T20:51:45.265308,Susan,Boyer,chaveztaylor@example.com
670,Apprenticeship 670,143,1990-04-27T14:57:34.526071,Sharon,Wright,jennifer06@example.net
671,Apprenticeship 671,98,1972-03-29T08:05:02.111680,Amy,Castillo,miranda58@example.com
672,Apprenticeship 672,167,2019-01-05T08:56:56.476727,Laura,Harrison,danielbarr@example.org
673,Apprenticeship 673,163,2023-06-08T20:00:55.294971,Angela,Jones,esanchez@example.net
674,Apprenticeship 674,124,2015-08-24T12:45:59.109781,Kenneth,Hill,shepardchristopher@example.com
675,Apprenticeship 675,33,2006-10-25T22:10:35.491831,Curtis,Gonzales,jdean@example.net
676,Apprenticeship 676,197,1986-08-25T03:40:34.608891,Joshua,Smith,lindsayday@example.org
677,Apprenticeship 677,135,2001-07-07T04:51:16.109710,Stephanie,Schaefer,dsanchez@example.com
678,Apprenticeship 678,123,1986-07-04T07:30:51.140926,Meagan,Dunn,kaitlyndennis@example.org
679,Apprenticeship 679,142,1993-12-27T03:55:21.856909,Kyle,Hawkins,carrieruiz@example.net
680,Apprenticeship 680,77,1996-01-12T08:03:15.047075,Grant,Thomas,ericksonregina@example.org
681,Apprenticeship 681,114,1999-06-28T22:57:45.912899,Tracy,Flynn,brockstephen@example.net
682,Apprenticeship 682,99,2016-03-02T13:13:45.059141,Megan,Black,phillipsnicole@example.com
683,Apprenticeship 683,20,2014-09-24T22:21:28.668896,Michelle,Phillips,oshelton@example.net
684,Apprenticeship 684,1,1984-09-10T06:58:14.254033,Daniel,Jones,sandraadams@example.net
685,Apprenticeship 685,42,1974-03-03T20:13:23.529637,Taylor,Bernard,alvarezbrandon@example.com
686,Apprenticeship 686,184,1979-04-07T17:58:20.394420,Erika,Stephenson,eclark@example.com
687,Apprenticeship 687,3,2017-08-20T03:21:05.469519,Natalie,May,wellsdavid@example.org
688,Apprenticeship 688,76,2001-06-20T11:36:02.471214,Richard,Blackwell,layers@example.net
689,Apprenticeship 689,170,1979-08-09T01:41:24.012597,Kyle,Hendrix,michael47@example.org
690,Apprenticeship 690,165,1979-10-12T05:52:46.500686,Andrew,Caldwell,nashjoshua@example.com
691,Apprenticeship 691,148,1972-04-09T00:05:31.908215,Cynthia,Aguirre,flynnmelissa@example.com
692,Apprenticeship 692,80,1999-11-24T06:12:06.343219,Teresa,Braun,tyler21@example.org
693,Apprenticeship 693,95,2003-11-02T23:10:11.850196,Jon,Rodriguez,urichard@example.net
694,Apprenticeship 694,50,1993-08-07T07:12:23.133733,Timothy,Lee,kevinsmith@example.net
695,Apprenticeship 695,138,2010-02-28T00:16:41.121737,Natasha,Keller,fmartinez@example.org
696,Apprenticeship 696,49,1970-02-20T06:40:01.661117,Michael,Butler,emily22@example.org
697,Apprenticeship 697,73,2016-04-25T13:37:49.809998,Luke,Davis,strongryan@example.com
698,Apprenticeship 698,60,1993-05-13T04:18:51.534212,Billy,Grant,andersontammy@example.net
699,Apprenticeship 699,116,1990-12-11T19:32:11.080286,Eric,Rodriguez,mark53@example.com
700,Apprenticeship 700,161,1976-02-29T23:52:15.566716,Brian,Moore,david25@example.com
701,Apprenticeship 701,196,1988-05-10T04:15:26.050919,Ronald,Bowen,wayne25@example.com
702,Apprenticeship 702,150,2008-01-16T23:49:09.408794,Timothy,Lopez,shellyholmes@example.org
703,Apprenticeship 703,51,2011-05-30T01:35:13.096505,Katie,Cervantes,thernandez@example.org
704,Apprenticeship 704,24,1975-04-14T14:44:59.210395,Kenneth,Buck,mooremary@example.com
705,Apprenticeship 705,141,1996-10-02T14:52:11.976993,John,Grant,rebekah44@example.com
706,Apprenticeship 706,83,2018-11-09T22:10:43.600762,Susan,Anderson,jeffreyhernandez@example.com
707,Apprenticeship 707,155,2020-07-05T04:37:23.032832,Stephanie,Garner,ralph90@example.net
708,Apprenticeship 708,159,1982-06-26T16:07:27.823480,Andre,Morrison,simonzachary@example.net
709,Apprenticeship 709,30,1990-09-03T19:03:01.615761,Katherine,Wolfe,zacharyjones@example.net
710,Apprenticeship 710,45,2021-08-17T18:51:15.229625,Dana,Martin,triciastephenson@example.net
711,Apprenticeship 711,163,1973-10-04T11:48:24.025656,Mark,Mcdonald,john40@example.org
712,Apprenticeship 712,185,2023-06-20T10:23:02.472767,Jenna,Maldonado,schmidtwilliam@example.net
713,Apprenticeship 713,137,2002-10-24T22:07:01.505949,Jessica,Thornton,sara76@example.com
714,Apprenticeship 714,84,2014-12-22T14:08:50.437824,Derrick,Alvarez,cbrown@example.org
715,Apprenticeship 715,96,1997-02-14T04:47:10.418450,Sarah,Carson,rebecca38@example.org
716,Apprenticeship 716,23,1973-10-13T01:41:35.358351,Gabrielle,Hill,tdickerson@example.org
717,Apprenticeship 717,184,1975-03-16T07:41:58.983615,Karen,Barber,justin42@example.net
718,Apprenticeship 718,79,1992-12-07T19:23:39.332847,Daniel,Liu,mooremaria@example.net
719,Apprenticeship 719,4,1971-08-08T00:06:23.610004,Andrea,Campbell,russellkayla@example.com
720,Apprenticeship 720,76,2001-07-05T15:44:25.497027,Michelle,Phillips,kevinwalker@example.net
721,Apprenticeship 721,25,2013-03-31T00:33:41.139583,Katherine,Gomez,wbrown@example.com
722,Apprenticeship 722,188,2002-07-24T11:46:37.014830,Janet,Pena,marcrodgers@example.org
723,Apprenticeship 723,34,2007-08-28T21:29:30.593375,Cody,Williams,davidtodd@example.com
724,Apprenticeship 724,126,1976-03-12T22:46:44.507263,Teresa,Peterson,smithjames@example.org
725,Apprenticeship 725,126,1985-06-29T16:54:41.184128,Hannah,Weiss,kaitlyn24@example.net
726,Apprenticeship 726,95,2023-07-20T07:50:34.491664,Gabrielle,Conley,nthompson@example.com
727,Apprenticeship 727,122,2015-10-14T16:32:22.449023,Edward,Martin,caguilar@example.net
728,Apprenticeship 728,76,1981-04-01T06:12:56.265164,Steven,Fox,kramerjillian@example.org
729,Apprenticeship 729,192,1999-08-16T11:32:04.148000,Sarah,Parker,qhughes@example.com
730,Apprenticeship 730,127,1986-03-07T20:00:46.677945,Michael,Smith,dukemichael@example.net
731,Apprenticeship 731,103,1976-05-26T01:30:29.799276,Mary,Miles,darren45@example.net
732,Apprenticeship 732,156,2020-02-06T11:44:59.248480,Paige,Carlson,zacharymiller@example.com
733,Apprenticeship 733,198,2021-07-12T04:45:54.739947,Kayla,Ross,lgonzales@example.org
734,Apprenticeship 734,73,2003-01-04T01:01:58.327013,Ashley,Browning,codymartin@example.com
735,Apprenticeship 735,47,1993-01-12T22:42:16.542203,James,Kim,crystalwaters@example.org
736,Apprenticeship 736,75,1971-01-19T06:02:42.525418,Tiffany,Mays,pphillips@example.com
737,Apprenticeship 737,109,2013-07-10T05:19:06.306008,Jeremy,Perez,brownmichael@example.net
738,Apprenticeship 738,115,1997-01-08T19:40:08.183990,Benjamin,Johnson,ashley39@example.net
739,Apprenticeship 739,51,1991-09-05T17:55:06.775576,Kevin,Wilson,rollinschristopher@example.net
740,Apprenticeship 740,162,2011-01-28T05:49:31.554444,Billy,Frederick,tnixon@example.com
741,Apprenticeship 741,132,2002-05-16T05:15:47.433684,Shannon,Davidson,collinsmelissa@example.org
742,Apprenticeship 742,200,1989-05-18T13:16:41.072103,Eileen,Taylor,daniellane@example.org
743,Apprenticeship 743,96,1995-10-16T08:24:22.535112,Kathryn,Harrington,bakerkara@example.net
744,Apprenticeship 744,3,1975-12-13T00:07:46.804868,Melissa,Cruz,harperdana@example.com
745,Apprenticeship 745,13,2009-05-26T01:49:23.174607,Christopher,Jordan,kellibishop@example.net
746,Apprenticeship 746,82,1983-07-16T13:31:12.582917,Martha,Copeland,karenrasmussen@example.net
747,Apprenticeship 747,118,2013-11-01T11:04:44.876895,Gina,Roberts,christophercollins@example.com
748,Apprenticeship 748,106,1978-07-24T03:46:26.858541,Mark,Gilbert,savila@example.org
749,Apprenticeship 749,131,2024-05-05T21:05:04.127390,Barbara,Garcia,kwilliams@example.net
750,Apprenticeship 750,36,2010-10-21T13:47:00.683886,Jennifer,Dudley,evargas@example.org
751,Apprenticeship 751,157,1972-04-29T00:29:05.973467,Tyler,Gonzales,paulkristen@example.org
752,Apprenticeship 752,164,2009-04-03T21:52:17.486337,Joshua,Alvarez,bramos@example.org
753,Apprenticeship 753,127,2012-06-08T04:53:11.635274,Julie,Crawford,zrogers@example.com
754,Apprenticeship 754,164,1992-01-16T11:10:30.611318,Melissa,Freeman,rwalker@example.net
755,Apprenticeship 755,91,2018-06-06T13:38:24.364940,William,Montgomery,adamcochran@example.com
756,Apprenticeship 756,183,1971-11-07T16:04:07.053195,Cynthia,West,munozdonna@example.org
757,Apprenticeship 757,187,1991-08-13T11:08:33.372324,Aaron,Lester,heather19@example.com
758,Apprenticeship 758,171,1997-11-03T20:55:44.273052,Stephen,Morris,umoore@example.net
759,Apprenticeship 759,195,1988-03-01T01:29:38.152337,Amanda,King,courtney14@example.net
760,Apprenticeship 760,22,2021-05-29T16:30:16.446666,Gregory,Kelley,tmendoza@example.net
761,Apprenticeship 761,167,2005-03-31T04:19:57.050660,Lisa,Williams,bianca43@example.net
762,Apprenticeship 762,93,2009-10-09T16:41:12.792440,Andre,Johnson,ifleming@example.org
763,Apprenticeship 763,191,2020-11-25T23:12:50.199535,Shelley,James,edwinadams@example.org
764,Apprenticeship 764,68,1985-10-11T07:30:20.491672,Tammy,Fuller,derek33@example.net
765,Apprenticeship 765,103,2003-07-10T00:00:39.304203,Vanessa,Perez,jeremycook@example.com
766,Apprenticeship 766,57,2000-01-30T09:34:40.948023,Maria,Rodriguez,caroline15@example.net
767,Apprenticeship 767,193,2020-12-04T09:02:54.218440,Rachael,Farmer,shawncasey@example.net
768,Apprenticeship 768,123,1987-07-22T17:08:01.144049,Brady,Chandler,xpayne@example.com
769,Apprenticeship 769,179,1988-06-25T13:41:22.785224,Brittany,Kaiser,dwilson@example.com
770,Apprenticeship 770,96,2010-10-29T12:01:33.932380,Kevin,Shaw,cassandramorgan@example.com
771,Apprenticeship 771,196,2008-09-08T07:10:13.817758,Derek,Taylor,danielswilliam@example.com
772,Apprenticeship 772,72,1970-02-04T04:17:54.354857,Diana,Salas,nicholsmelody@example.org
773,Apprenticeship 773,12,2022-05-10T00:56:51.894331,Amy,Olson,jessica99@example.org
774,Apprenticeship 774,133,2015-09-15T02:37:54.539684,Jennifer,Bass,hannahgarcia@example.com
775,Apprenticeship 775,84,1973-03-20T08:56:17.960849,Sarah,Jackson,leetracy@example.net
776,Apprenticeship 776,124,2006-02-08T14:00:26.030954,Justin,Cruz,thorntonjuan@example.com
777,Apprenticeship 777,165,1971-12-01T15:03:11.983505,Jeanette,Mitchell,davidlevy@example.com
778,Apprenticeship 778,168,1990-11-19T11:58:33.691517,Megan,Huff,melanielowe@example.org
779,Apprenticeship 779,1,2012-06-01T00:33:33.814508,Alicia,Allen,douglas97@example.com
780,Apprenticeship 780,39,1982-08-31T10:24:43.252798,Lori,Cooke,ahayes@example.org
781,Apprenticeship 781,118,2005-05-05T22:01:46.190084,Jessica,Whitney,timothy00@example.net
782,Apprenticeship 782,123,2009-02-18T18:45:55.017689,Heidi,Paul,jimmygutierrez@example.org
783,Apprenticeship 783,26,1990-07-17T07:09:16.144913,Ashley,Rojas,washingtondiane@example.com
784,Apprenticeship 784,120,2011-08-28T02:27:10.688644,Andrew,Jimenez,deannamartin@example.org
785,Apprenticeship 785,171,1975-01-20T12:26:04.080518,Daniel,King,alison57@example.com
786,Apprenticeship 786,47,2021-08-10T03:26:10.018943,John,Davis,jonathan94@example.com
787,Apprenticeship 787,82,2022-04-11T04:18:06.749307,Joshua,Mclean,holson@example.com
788,Apprenticeship 788,84,1988-03-01T07:23:47.815174,Sarah,Harvey,denisepetersen@example.net
789,Apprenticeship 789,173,1997-06-06T10:09:26.423572,April,Mcclain,lawrencereyes@example.net
790,Apprenticeship 790,121,2017-08-18T02:47:28.605834,Trevor,Edwards,grosschristopher@example.org
791,Apprenticeship 791,180,1998-11-28T07:27:48.328833,Michael,White,pnguyen@example.org
792,Apprenticeship 792,65,2014-07-12T16:39:41.915208,Phillip,Ruiz,brianmay@example.net
793,Apprenticeship 793,161,2020-03-27T03:06:42.175381,Roy,Mitchell,rodriguezkatie@example.net
794,Apprenticeship 794,86,1982-09-11T13:04:22.591528,David,Haney,hlee@example.net
795,Apprenticeship 795,98,2013-02-13T20:11:13.368684,Julie,Thompson,emily45@example.org
796,Apprenticeship 796,79,1998-05-24T07:48:10.029239,Thomas,Ross,kimberly88@example.com
797,Apprenticeship 797,197,1986-07-18T02:16:22.105845,Sarah,Woods,kirbykevin@example.com
798,Apprenticeship 798,124,2007-01-21T11:36:20.681465,Bradley,Salazar,bmcintosh@example.com
799,Apprenticeship 799,110,2007-09-02T13:04:33.053543,Michael,Garrett,kgeorge@example.org
800,Apprenticeship 800,122,1986-07-05T08:33:27.930553,Karina,Carter,mmartinez@example.org
801,Apprenticeship 801,12,1997-10-03T19:37:20.780552,Melissa,Meyer,hrussell@example.net
802,Apprenticeship 802,45,2005-08-03T07:56:17.474291,Vicki,Mckinney,allenjames@example.net
803,Apprenticeship 803,124,2009-09-27T23:14:07.635204,Connie,Brooks,debrabarnes@example.net
804,Apprenticeship 804,122,2000-12-04T18:58:34.861889,Billy,Medina,millerkelly@example.com
805,Apprenticeship 805,97,1990-12-14T07:56:06.294985,Joseph,Bishop,swhite@example.com
806,Apprenticeship 806,36,1983-12-13T14:57:38.372819,Kristy,Perry,kelly50@example.net
807,Apprenticeship 807,108,1971-08-17T08:44:42.634311,Justin,Mendoza,xlee@example.com
808,Apprenticeship 808,1,1996-05-15T20:44:43.864142,Lori,Webb,pperez@example.org
809,Apprenticeship 809,55,1977-09-09T01:32:12.369807,Shannon,Martinez,shelby19@example.com
810,Apprenticeship 810,56,1976-09-14T06:18:58.305935,Jacob,Smith,jessicafisher@example.com
811,Apprenticeship 811,195,1985-02-20T02:25:57.712503,Sheri,Green,terrellscott@example.net
812,Apprenticeship 812,193,1983-02-26T08:03:20.245241,Ricky,Villa,zdavis@example.net
813,Apprenticeship 813,41,1990-06-24T17:03:38.983770,Maureen,Turner,brownhenry@example.net
814,Apprenticeship 814,64,1997-05-24T18:41:38.253376,Maria,Gutierrez,ericcampos@example.net
815,Apprenticeship 815,122,1982-12-18T20:59:30.374135,Christopher,Graham,petersonmichael@example.com
816,Apprenticeship 816,5,1977-04-05T04:13:00.409499,Mason,Morrison,sandrarandolph@example.org
817,Apprenticeship 817,106,2006-03-27T15:30:00.846276,Kelly,Smith,lisa87@example.net
818,Apprenticeship 818,131,2015-01-07T13:26:35.934029,Joshua,Beck,jamie42@example.com
819,Apprenticeship 819,160,2013-10-28T03:06:27.871270,Robert,Thornton,timothynelson@example.org
820,Apprenticeship 820,18,2019-03-19T18:13:15.730077,Kimberly,Ball,mfuentes@example.org
821,Apprenticeship 821,184,1989-03-11T07:55:42.909553,Kimberly,Smith,astark@example.net
822,Apprenticeship 822,36,2008-04-03T04:26:42.797103,Andrew,Daniel,holtshannon@example.org
823,Apprenticeship 823,3,1977-05-19T19:53:27.804404,Melissa,Morgan,monica85@example.com
824,Apprenticeship 824,86,1973-04-06T09:56:01.558594,Brittany,Conner,grahamjasmine@example.org
825,Apprenticeship 825,130,1970-09-11T20:48:10.925099,Sarah,Herman,bruce66@example.com
826,Apprenticeship 826,6,1970-08-28T00:28:08.805641,Keith,Alvarez,smithdavid@example.com
827,Apprenticeship 827,154,1986-06-19T23:02:51.555615,Chris,Franklin,smithgeorge@example.org
828,Apprenticeship 828,20,1973-11-23T08:50:29.494109,Joshua,Chaney,ronaldlarson@example.org
829,Apprenticeship 829,33,2007-06-12T07:10:05.695028,Jason,Gregory,njimenez@example.com
830,Apprenticeship 830,168,1988-02-15T13:48:51.865768,Sabrina,Rowe,james87@example.net
831,Apprenticeship 831,155,1973-06-09T22:42:52.664073,Christina,Mills,bradleyshelia@example.com
832,Apprenticeship 832,196,1974-03-09T22:07:55.959920,Sara,Phillips,vhudson@example.net
833,Apprenticeship 833,125,2001-05-15T14:32:36.083892,Donna,Mendoza,amandawalker@example.com
834,Apprenticeship 834,124,2011-08-09T11:12:29.693538,Kathleen,Webb,stephanie25@example.com
835,Apprenticeship 835,82,1970-07-09T04:44:34.145780,Kevin,Lucero,teresa52@example.org
836,Apprenticeship 836,123,1971-09-26T16:00:29.499573,Julie,Hanna,amymontgomery@example.org
837,Apprenticeship 837,113,2023-05-05T16:51:45.933535,Kelly,Sims,mjohnson@example.net
838,Apprenticeship 838,178,1989-10-01T12:18:14.041623,Matthew,West,brooksbeth@example.org
839,Apprenticeship 839,66,2021-12-20T11:38:44.363853,Jasmin,Meadows,brady36@example.net
840,Apprenticeship 840,6,1989-04-28T18:30:12.373719,Steven,Mullins,ivan66@example.net
841,Apprenticeship 841,191,2013-01-05T02:25:47.007656,Amy,Hill,samantha45@example.org
842,Apprenticeship 842,27,1985-12-22T01:03:33.251534,Mark,Montoya,melindamiller@example.net
843,Apprenticeship 843,22,1993-09-30T17:45:46.472848,Sandra,Rogers,nsimmons@example.net
844,Apprenticeship 844,94,1982-11-26T03:09:20.917388,Jessica,Boyd,kennedyjared@example.org
845,Apprenticeship 845,107,1980-11-25T09:07:50.038882,Jessica,Gray,iaguirre@example.org
846,Apprenticeship 846,78,1972-06-01T09:04:08.376984,Wayne,Humphrey,amymartinez@example.net
847,Apprenticeship 847,44,1977-01-21T04:22:19.004761,Michael,Huerta,smithchristopher@example.org
848,Apprenticeship 848,157,2020-11-23T06:15:05.806480,Larry,Cunningham,alexander30@example.net
849,Apprenticeship 849,29,2001-05-04T06:02:50.516136,Chris,Bolton,kaitlynwalker@example.org
850,Apprenticeship 850,46,1992-02-02T00:25:58.668101,Veronica,Adkins,joshua49@example.com
851,Apprenticeship 851,40,1978-04-25T08:14:33.859067,Catherine,Thomas,jkline@example.net
852,Apprenticeship 852,66,1978-05-18T23:16:25.490832,Mark,Smith,sanchezjessica@example.org
853,Apprenticeship 853,138,1970-10-10T12:48:59.278086,Connor,Garcia,hannah30@example.com
854,Apprenticeship 854,194,2015-03-19T00:51:07.902939,Jennifer,Good,jeffrey59@example.org
855,Apprenticeship 855,81,2012-11-11T18:45:05.998695,Ryan,Brown,frenchnichole@example.org
856,Apprenticeship 856,45,1976-02-23T18:21:13.160997,Matthew,Blackwell,johncampos@example.com
857,Apprenticeship 857,154,1982-06-16T10:19:24.248275,Robert,Sanchez,kgoodman@example.com
858,Apprenticeship 858,57,1971-06-16T14:46:13.520170,Susan,Brown,mullenkaren@example.org
859,Apprenticeship 859,121,2008-01-25T10:41:24.321429,Audrey,Park,pgardner@example.net
860,Apprenticeship 860,200,2017-02-28T09:29:15.649989,Charles,Cunningham,adrian90@example.org
861,Apprenticeship 861,125,2007-08-31T11:30:21.936808,Jennifer,Jackson,seanduncan@example.net
862,Apprenticeship 862,134,1971-02-28T17:49:46.990112,David,Palmer,joseph97@example.org
863,Apprenticeship 863,23,1998-08-24T12:41:53.400279,Randy,Stone,oallen@example.com
864,Apprenticeship 864,60,2019-05-19T23:11:06.291367,Cynthia,Barker,rbird@example.com
865,Apprenticeship 865,196,1970-05-14T21:42:40.348223,Adam,Anderson,diana77@example.com
866,Apprenticeship 866,96,1986-02-05T07:03:50.117062,Emily,Hunt,andersondaniel@example.net
867,Apprenticeship 867,137,2011-08-20T01:13:26.506788,Kristin,Armstrong,eileen40@example.org
868,Apprenticeship 868,156,1973-04-25T03:45:33.071752,Jennifer,Simmons,michael41@example.com
869,Apprenticeship 869,82,2011-04-11T14:39:27.012099,Deborah,Abbott,ydavis@example.org
870,Apprenticeship 870,194,1974-02-23T17:00:51.753563,Patricia,Carter,freypaula@example.com
871,Apprenticeship 871,148,1989-02-21T10:26:51.981578,Jonathan,Best,stonejason@example.net
872,Apprenticeship 872,52,2012-07-22T13:56:58.197728,Joseph,Martin,cruzmelanie@example.org
873,Apprenticeship 873,59,1974-10-01T09:01:58.708011,David,Perry,raymondwilliams@example.com
874,Apprenticeship 874,145,2011-09-11T10:58:33.134398,Nicole,Scott,hicksgeorge@example.org
875,Apprenticeship 875,27,2012-01-13T19:21:47.288964,Cristina,Tyler,smithdeborah@example.net
876,Apprenticeship 876,125,2004-05-19T02:34:31.529509,Steven,Campbell,yjohnson@example.org
877,Apprenticeship 877,164,1993-12-13T00:28:30.913497,Jeffrey,Young,kmassey@example.com
878,Apprenticeship 878,186,1996-04-15T02:29:29.828365,Adam,Garcia,thomas30@example.net
879,Apprenticeship 879,173,1984-11-17T01:25:40.812171,Tiffany,White,tylerpeterson@example.org
880,Apprenticeship 880,81,2018-02-24T16:33:43.545266,Natalie,Allen,hensonbrittany@example.net
881,Apprenticeship 881,173,2010-03-31T10:12:37.274057,Brittany,Stafford,xschmidt@example.org
882,Apprenticeship 882,98,1977-11-20T16:52:49.327812,Barbara,Obrien,craig16@example.net
883,Apprenticeship 883,15,1999-12-17T21:38:58.953631,Michael,Garza,bcruz@example.net
884,Apprenticeship 884,99,1976-01-10T13:13:53.188532,Christopher,House,ryan95@example.org
885,Apprenticeship 885,142,1970-07-06T18:15:35.932968,Joshua,Hawkins,csmith@example.com
886,Apprenticeship 886,128,2020-10-15T10:57:57.186219,Arthur,Hess,kristin92@example.com
887,Apprenticeship 887,58,1994-12-28T01:57:47.325925,Melissa,Martinez,kathryngilmore@example.org
888,Apprenticeship 888,116,1996-05-16T10:56:53.494712,Stephanie,Wells,mary74@example.org
889,Apprenticeship 889,112,1992-03-21T19:53:53.456255,Allison,White,nicole35@example.net
890,Apprenticeship 890,155,1972-10-25T05:09:27.588964,Lisa,Brown,autumnchen@example.com
891,Apprenticeship 891,132,2020-11-09T11:39:57.777157,Joanna,Simmons,vargaspaula@example.org
892,Apprenticeship 892,98,1977-07-27T15:38:56.461457,Paula,Davis,simmonskelsey@example.com
893,Apprenticeship 893,65,2016-07-16T15:11:37.481383,Colton,Garza,treed@example.com
894,Apprenticeship 894,80,2005-01-16T16:11:15.354999,Robert,Lawson,mooremarcus@example.com
895,Apprenticeship 895,18,2014-02-11T08:02:40.169281,Tommy,Sawyer,grantrobert@example.net
896,Apprenticeship 896,98,2022-01-27T12:48:20.906399,Steven,Cobb,eric09@example.com
897,Apprenticeship 897,88,1979-02-21T03:41:49.515622,Joshua,Ortiz,berryryan@example.org
898,Apprenticeship 898,115,2000-09-29T10:27:10.841491,Samantha,Stevenson,robinwilliams@example.net
899,Apprenticeship 899,13,2002-10-18T01:02:48.873510,Kathleen,Atkins,rryan@example.com
900,Apprenticeship 900,47,1983-10-17T17:30:44.751485,Melissa,Vaughan,johnsondebra@example.com
901,Apprenticeship 901,151,1987-05-12T23:17:28.055940,Mark,Simon,ftran@example.net
902,Apprenticeship 902,165,1977-10-23T14:24:24.612269,Elizabeth,Lee,jeff18@example.org
903,Apprenticeship 903,160,1995-06-02T11:10:07.053101,Richard,Bradford,moralesdaniel@example.net
904,Apprenticeship 904,189,2015-09-23T05:27:13.827316,Michael,Taylor,brianlane@example.net
905,Apprenticeship 905,159,2022-04-12T09:11:44.508238,Monique,Page,uanderson@example.org
906,Apprenticeship 906,96,2013-12-03T23:40:45.411889,Stanley,Snyder,theresasnow@example.com
907,Apprenticeship 907,103,1997-11-30T23:19:04.985380,Nicole,Howell,bryandiaz@example.com
908,Apprenticeship 908,45,1985-05-29T22:09:35.299203,Stephen,Compton,sarah96@example.com
909,Apprenticeship 909,122,1995-07-19T02:00:58.497933,Andrew,Evans,tgomez@example.org
910,Apprenticeship 910,185,2020-08-19T10:35:04.195109,Monique,Atkins,rchavez@example.net
911,Apprenticeship 911,194,2010-06-03T10:39:22.129563,Jimmy,James,morgan86@example.com
912,Apprenticeship 912,74,1975-09-29T14:54:13.813470,Leslie,Kim,tristan73@example.org
913,Apprenticeship 913,10,2024-01-26T19:25:12.372024,Paula,Fry,eclark@example.org
914,Apprenticeship 914,193,1991-11-14T18:49:21.868841,Jacob,Norton,travis94@example.org
915,Apprenticeship 915,118,2009-10-06T11:08:45.280169,Brandon,Gibson,tina31@example.com
916,Apprenticeship 916,86,2021-04-30T12:26:48.782345,Alfred,Ellis,christopherholt@example.com
917,Apprenticeship 917,153,1989-12-22T00:49:42.869390,Emily,Hall,mcruz@example.com
918,Apprenticeship 918,9,1996-10-14T20:13:18.868859,Anthony,Williams,hallen@example.com
919,Apprenticeship 919,164,2019-12-25T05:42:05.609720,Edward,Morales,angelacrane@example.net
920,Apprenticeship 920,83,1974-11-23T00:47:30.256629,Jamie,Miller,campbelltanya@example.org
921,Apprenticeship 921,182,1970-01-12T00:57:30.647066,Destiny,Hooper,matthewlewis@example.org
922,Apprenticeship 922,169,1998-02-16T13:41:51.135548,Holly,Murray,duranmary@example.net
923,Apprenticeship 923,112,1975-06-13T18:26:21.024446,Cathy,Smith,qwright@example.com
924,Apprenticeship 924,26,1977-12-27T08:44:35.569421,Catherine,Williams,grant01@example.net
925,Apprenticeship 925,131,2014-12-09T14:34:04.512218,Gail,Gonzalez,millerwilliam@example.org
926,Apprenticeship 926,1,1978-01-01T13:56:15.289878,Jose,Huff,gutierrezshane@example.com
927,Apprenticeship 927,183,1981-10-12T06:01:03.506342,Debra,Smith,zachary04@example.org
928,Apprenticeship 928,91,2008-02-16T21:47:43.025331,Kathy,Castro,vjohnson@example.com
929,Apprenticeship 929,123,2019-08-15T22:20:09.364397,John,Brewer,samantha78@example.net
930,Apprenticeship 930,163,1980-06-04T07:23:40.711625,Joseph,Dean,warekathryn@example.org
931,Apprenticeship 931,164,2017-06-07T00:50:57.949567,Ashley,Garcia,elizabeth19@example.com
932,Apprenticeship 932,91,2019-07-21T09:59:34.349807,Ray,Stewart,qandrews@example.org
933,Apprenticeship 933,68,1991-10-24T14:35:34.106337,Lisa,Sanders,dmontoya@example.net
934,Apprenticeship 934,163,1997-04-09T00:28:44.430715,Nicole,Young,jeremiah61@example.net
935,Apprenticeship 935,2,1995-05-19T11:54:16.628989,Rachel,Cain,ejohnson@example.org
936,Apprenticeship 936,25,2012-12-22T11:15:04.101466,Tara,Morris,melissaharrell@example.org
937,Apprenticeship 937,34,2015-04-05T11:34:27.916536,Jonathan,Bautista,aimee75@example.org
938,Apprenticeship 938,93,1977-09-05T05:21:50.297421,Kristin,Simmons,montgomeryrobert@example.net
939,Apprenticeship 939,187,2018-08-06T22:05:21.933458,John,Woods,zwilliams@example.net
940,Apprenticeship 940,9,2012-07-30T04:49:38.028318,Kathryn,Richards,melindabenson@example.net
941,Apprenticeship 941,40,2000-01-03T18:43:54.605546,Chris,Sparks,ljohnson@example.org
942,Apprenticeship 942,3,2007-02-22T11:49:30.995739,Joshua,Pierce,pharvey@example.com
943,Apprenticeship 943,56,1984-07-17T04:10:51.896400,Tiffany,Kelley,toddyoung@example.net
944,Apprenticeship 944,40,2002-03-20T07:10:51.456086,David,Rodgers,scottbanks@example.org
945,Apprenticeship 945,151,2007-03-26T22:44:38.751941,Priscilla,Sanchez,wendy14@example.net
946,Apprenticeship 946,127,2017-08-21T16:22:32.069173,Joseph,Peterson,prestonshawn@example.org
947,Apprenticeship 947,151,1993-02-19T02:36:15.136916,Jennifer,Roberson,martinzhang@example.org
948,Apprenticeship 948,99,2019-02-25T11:21:14.457163,Susan,Berger,ismith@example.org
949,Apprenticeship 949,146,1987-03-27T00:55:21.610430,Gregory,Melton,sara94@example.net
950,Apprenticeship 950,97,1990-03-02T08:24:57.387364,Peter,Thompson,adamkennedy@example.com
951,Apprenticeship 951,46,1988-07-06T16:00:51.952316,Jonathan,Heath,xrowland@example.net
952,Apprenticeship 952,14,1981-10-06T04:48:15.509334,Jesse,Campbell,taraconrad@example.net
953,Apprenticeship 953,17,2005-12-12T08:39:13.797974,Robert,Frazier,kanekristy@example.com
954,Apprenticeship 954,54,1983-03-28T09:14:59.733809,Mary,Cooper,tara19@example.org
955,Apprenticeship 955,95,1983-11-16T09:18:10.882316,Rebecca,Johnson,ghansen@example.org
956,Apprenticeship 956,77,1970-12-05T20:41:13.282519,Jackson,Gonzales,ymartinez@example.net
957,Apprenticeship 957,51,1974-10-03T20:20:23.022194,Bryan,Allen,johnphillips@example.net
958,Apprenticeship 958,184,2016-12-31T18:15:49.452748,Kevin,Jacobs,cmoore@example.org
959,Apprenticeship 959,37,1989-08-22T13:55:33.218675,Dawn,Mcintosh,bkrause@example.org
960,Apprenticeship 960,111,1995-07-13T16:06:03.438472,Shane,Mitchell,vmclaughlin@example.net
961,Apprenticeship 961,113,1975-02-11T01:50:52.170767,Maria,Baker,shelbydaniels@example.com
962,Apprenticeship 962,109,2003-02-26T21:37:56.687536,Kari,Davis,robert12@example.net
963,Apprenticeship 963,15,1983-10-04T22:02:25.095014,Sarah,Carrillo,kristariley@example.net
964,Apprenticeship 964,187,2012-07-01T05:26:00.512136,Mark,Brown,alexanderheather@example.net
965,Apprenticeship 965,176,2007-06-20T20:09:32.183890,Carmen,Wright,david89@example.net
966,Apprenticeship 966,146,2010-02-12T04:16:49.339251,Nicholas,Brown,athornton@example.org
967,Apprenticeship 967,142,1978-09-25T21:19:11.812349,Aaron,Vasquez,joneslisa@example.org
968,Apprenticeship 968,195,2003-04-27T17:53:45.540975,Victor,Whitehead,ashleyfrederick@example.net
969,Apprenticeship 969,195,2006-02-26T16:10:35.266016,Matthew,Joyce,johnsmith@example.net
970,Apprenticeship 970,116,2015-11-16T07:15:42.249890,Isabella,Jones,olsenjohn@example.com
971,Apprenticeship 971,177,1999-02-15T22:05:59.276431,Jennifer,Roth,hayesjoseph@example.org
972,Apprenticeship 972,194,1999-04-02T20:38:27.567606,Kenneth,Martin,alexandercastro@example.com
973,Apprenticeship 973,9,1987-05-19T13:04:43.910281,Daniel,Clark,brenda18@example.org
974,Apprenticeship 974,149,1986-04-16T08:54:04.345387,David,Mitchell,dstokes@example.com
975,Apprenticeship 975,90,2018-08-03T16:24:09.137723,Alexander,Hughes,kellerivan@example.net
976,Apprenticeship 976,125,2009-01-11T01:09:27.759080,Jesus,Sanders,lhawkins@example.com
977,Apprenticeship 977,124,1982-03-31T15:21:47.021588,Haley,Welch,wrios@example.com
978,Apprenticeship 978,118,1974-12-26T21:04:30.495550,Cindy,Mack,lewisbrian@example.net
979,Apprenticeship 979,116,1979-01-10T20:39:04.996072,Charles,Herrera,jaimewarren@example.org
980,Apprenticeship 980,30,2019-11-02T10:26:57.851908,Charles,Brown,timothy72@example.org
981,Apprenticeship 981,3,1985-05-05T23:56:05.325480,Paul,Jackson,jeremiahanderson@example.com
982,Apprenticeship 982,64,1988-08-19T16:37:55.622274,Tanya,Davis,barnettlisa@example.org
983,Apprenticeship 983,3,1973-05-14T21:14:52.308309,Meredith,Johnson,reneeperry@example.org
984,Apprenticeship 984,48,2010-08-15T11:50:03.087536,Randy,Huerta,shaun44@example.com
985,Apprenticeship 985,163,1994-01-13T17:26:33.826999,John,Williams,dedwards@example.com
986,Apprenticeship 986,102,1974-05-16T14:23:45.236383,Michelle,Burton,sherryallison@example.com
987,Apprenticeship 987,103,1974-03-10T01:15:57.377026,Karl,Williams,qjohnson@example.org
988,Apprenticeship 988,159,1971-02-06T09:53:46.946815,Maria,Williams,michael86@example.org
989,Apprenticeship 989,197,2016-10-25T16:31:31.815595,Frank,Thompson,nicholasmurphy@example.com
990,Apprenticeship 990,87,1996-08-29T02:01:45.812869,Christopher,Hoffman,maryanderson@example.org
991,Apprenticeship 991,136,1997-11-21T10:08:28.866011,Rose,Frederick,brookstimothy@example.com
992,Apprenticeship 992,18,1986-02-14T02:59:58.807543,Peter,Mcdowell,vadams@example.com
993,Apprenticeship 993,66,2024-04-06T16:13:19.168063,Douglas,Olson,hughesmichelle@example.org
994,Apprenticeship 994,17,2008-04-10T00:12:46.670161,Christopher,Gamble,lynn73@example.org
995,Apprenticeship 995,164,1981-06-25T01:58:51.329961,Emily,West,zmiller@example.com
996,Apprenticeship 996,12,2016-03-15T21:32:11.373186,Dale,Guerrero,samuelbennett@example.com
997,Apprenticeship 997,38,2002-12-11T14:46:25.962224,Amanda,Whitney,ddixon@example.org
998,Apprenticeship 998,177,2016-09-16T21:40:13.711199,Micheal,Jackson,jacksonbrianna@example.org
999,Apprenticeship 999,6,2009-04-15T08:27:07.589472,Kimberly,Gross,kevinwhite@example.com
1000,Apprenticeship 1000,25,1987-05-28T01:23:03.363074,Brian,Rose,gonzalezedward@example.com
